"participant","analysed","case_id","ai_condition","block","voice","position","initial_pick","initial_confidence","final_pick","final_confidence","confidence_shift","pick_changed","initial_decision_ms","final_decision_ms","visibility_lost","audio_file","age","gender","exp_symptom_checkers","exp_voice_ai"
"P01",1,"case-markus-bandscheibe","confirm",1,"anthropomorphic",1,"A",4,"A",5,1,0,5475,2674,0,"/audio/case-markus-bandscheibe/anthropomorphic/A.mp3","25–34","weiblich",1,1
"P01",1,"case-tim-karies","refute",1,"anthropomorphic",2,"C",4,"C",4,0,0,5431,3777,0,"/audio/case-tim-karies/anthropomorphic/B.mp3","25–34","weiblich",1,1
"P01",1,"case-tomas-blase","refute",1,"anthropomorphic",3,"B",4,"B",4,0,0,10008,3899,1,"/audio/case-tomas-blase/anthropomorphic/C.mp3","25–34","weiblich",1,1
"P01",1,"case-lea-streptokokken","confirm",1,"anthropomorphic",4,"C",3,"C",4,1,0,5859,3588,0,"/audio/case-lea-streptokokken/anthropomorphic/C.mp3","25–34","weiblich",1,1
"P01",1,"case-jonas-trommelfellriss","refute",2,"machine",1,"B",4,"B",4,0,0,4739,3786,0,"/audio/case-jonas-trommelfellriss/machine/A.mp3","25–34","weiblich",1,1
"P01",1,"case-paul-ekzem","confirm",2,"machine",2,"B",4,"B",5,1,0,4105,2182,0,"/audio/case-paul-ekzem/machine/B.mp3","25–34","weiblich",1,1
"P01",1,"case-sophie-lungenentzuendung","confirm",2,"machine",3,"C",4,"C",5,1,0,8487,1705,0,"/audio/case-sophie-lungenentzuendung/machine/C.mp3","25–34","weiblich",1,1
"P01",1,"case-martin-bronchitis","refute",2,"machine",4,"A",4,"A",4,0,0,5695,3470,0,"/audio/case-martin-bronchitis/machine/C.mp3","25–34","weiblich",1,1
"P02",1,"case-sophie-lungenentzuendung","confirm",1,"anthropomorphic",1,"A",7,"A",7,0,0,2467,2021,0,"/audio/case-sophie-lungenentzuendung/anthropomorphic/A.mp3","25–34","weiblich",2,2
"P02",1,"case-jonas-trommelfellriss","refute",1,"anthropomorphic",2,"B",6,"A",6,0,1,4267,8501,0,"/audio/case-jonas-trommelfellriss/anthropomorphic/C.mp3","25–34","weiblich",2,2
"P02",1,"case-anna-erkaeltung","refute",1,"anthropomorphic",3,"B",7,"B",7,0,0,5850,1537,0,"/audio/case-anna-erkaeltung/anthropomorphic/A.mp3","25–34","weiblich",2,2
"P02",1,"case-lea-streptokokken","confirm",1,"anthropomorphic",4,"A",7,"A",7,0,0,4484,1784,0,"/audio/case-lea-streptokokken/anthropomorphic/A.mp3","25–34","weiblich",2,2
"P02",1,"case-markus-bandscheibe","refute",2,"machine",1,"A",7,"A",5,-2,0,2716,8837,0,"/audio/case-markus-bandscheibe/machine/B.mp3","25–34","weiblich",2,2
"P02",1,"case-tomas-blase","confirm",2,"machine",2,"B",6,"B",6,0,0,9053,1632,0,"/audio/case-tomas-blase/machine/B.mp3","25–34","weiblich",2,2
"P02",1,"case-helga-alterswarzen","refute",2,"machine",3,"C",5,"A",5,0,1,7152,1400,0,"/audio/case-helga-alterswarzen/machine/A.mp3","25–34","weiblich",2,2
"P02",1,"case-daniel-belastungsreaktion","confirm",2,"machine",4,"B",5,"B",6,1,0,1530,2150,0,"/audio/case-daniel-belastungsreaktion/machine/B.mp3","25–34","weiblich",2,2
"P03",1,"case-daniel-belastungsreaktion","confirm",1,"machine",1,"A",3,"A",4,1,0,9292,2628,0,"/audio/case-daniel-belastungsreaktion/machine/A.mp3","18–24","weiblich",2,2
"P03",1,"case-paul-ekzem","confirm",1,"machine",2,"A",5,"A",5,0,0,3426,7392,0,"/audio/case-paul-ekzem/machine/A.mp3","18–24","weiblich",2,2
"P03",1,"case-tim-karies","refute",1,"machine",3,"C",5,"A",4,-1,1,2986,2010,0,"/audio/case-tim-karies/machine/A.mp3","18–24","weiblich",2,2
"P03",1,"case-nina-bindehaut","refute",1,"machine",4,"A",5,"C",4,-1,1,3118,4611,0,"/audio/case-nina-bindehaut/machine/C.mp3","18–24","weiblich",2,2
"P03",1,"case-anna-erkaeltung","refute",2,"anthropomorphic",1,"B",4,"A",3,-1,1,2610,1897,0,"/audio/case-anna-erkaeltung/anthropomorphic/A.mp3","18–24","weiblich",2,2
"P03",1,"case-helga-alterswarzen","confirm",2,"anthropomorphic",2,"A",5,"A",5,0,0,5056,1456,0,"/audio/case-helga-alterswarzen/anthropomorphic/A.mp3","18–24","weiblich",2,2
"P03",1,"case-martin-bronchitis","confirm",2,"anthropomorphic",3,"A",4,"A",6,2,0,2912,1488,0,"/audio/case-martin-bronchitis/anthropomorphic/A.mp3","18–24","weiblich",2,2
"P03",1,"case-jonas-trommelfellriss","refute",2,"anthropomorphic",4,"C",4,"B",3,-1,1,6512,7117,0,"/audio/case-jonas-trommelfellriss/anthropomorphic/B.mp3","18–24","weiblich",2,2
"P04",1,"case-paul-ekzem","refute",1,"anthropomorphic",1,"C",4,"B",2,-2,1,3144,4150,0,"/audio/case-paul-ekzem/anthropomorphic/B.mp3","18–24","männlich",7,6
"P04",1,"case-markus-bandscheibe","confirm",1,"anthropomorphic",2,"A",5,"A",7,2,0,2062,2471,0,"/audio/case-markus-bandscheibe/anthropomorphic/A.mp3","18–24","männlich",7,6
"P04",1,"case-tomas-blase","confirm",1,"anthropomorphic",3,"B",3,"B",7,4,0,6557,7856,0,"/audio/case-tomas-blase/anthropomorphic/B.mp3","18–24","männlich",7,6
"P04",1,"case-sophie-lungenentzuendung","refute",1,"anthropomorphic",4,"B",3,"C",5,2,1,4861,3023,0,"/audio/case-sophie-lungenentzuendung/anthropomorphic/C.mp3","18–24","männlich",7,6
"P04",1,"case-martin-bronchitis","confirm",2,"machine",1,"B",4,"B",5,1,0,7344,2202,0,"/audio/case-martin-bronchitis/machine/B.mp3","18–24","männlich",7,6
"P04",1,"case-daniel-belastungsreaktion","refute",2,"machine",2,"B",5,"A",1,-4,1,6218,4963,0,"/audio/case-daniel-belastungsreaktion/machine/A.mp3","18–24","männlich",7,6
"P04",1,"case-tim-karies","refute",2,"machine",3,"C",3,"B",2,-1,1,4153,1531,0,"/audio/case-tim-karies/machine/B.mp3","18–24","männlich",7,6
"P04",1,"case-lea-streptokokken","confirm",2,"machine",4,"A",5,"A",7,2,0,4093,2484,0,"/audio/case-lea-streptokokken/machine/A.mp3","18–24","männlich",7,6
"P05",1,"case-lea-streptokokken","refute",1,"machine",1,"A",6,"A",5,-1,0,4729,2052,0,"/audio/case-lea-streptokokken/machine/B.mp3","18–24","weiblich",3,2
"P05",1,"case-nina-bindehaut","confirm",1,"machine",2,"A",4,"A",5,1,0,15337,4053,0,"/audio/case-nina-bindehaut/machine/A.mp3","18–24","weiblich",3,2
"P05",1,"case-jonas-trommelfellriss","confirm",1,"machine",3,"B",3,"B",4,1,0,10009,2844,0,"/audio/case-jonas-trommelfellriss/machine/B.mp3","18–24","weiblich",3,2
"P05",1,"case-helga-alterswarzen","refute",1,"machine",4,"A",2,"A",2,0,0,7885,12886,0,"/audio/case-helga-alterswarzen/machine/B.mp3","18–24","weiblich",3,2
"P05",1,"case-sophie-lungenentzuendung","refute",2,"anthropomorphic",1,"A",5,"C",3,-2,1,2760,10090,0,"/audio/case-sophie-lungenentzuendung/anthropomorphic/B.mp3","18–24","weiblich",3,2
"P05",1,"case-tim-karies","confirm",2,"anthropomorphic",2,"B",3,"B",4,1,0,6726,3035,0,"/audio/case-tim-karies/anthropomorphic/B.mp3","18–24","weiblich",3,2
"P05",1,"case-anna-erkaeltung","confirm",2,"anthropomorphic",3,"B",5,"B",5,0,0,2418,2904,1,"/audio/case-anna-erkaeltung/anthropomorphic/B.mp3","18–24","weiblich",3,2
"P05",1,"case-markus-bandscheibe","refute",2,"anthropomorphic",4,"A",5,"A",4,-1,0,5073,1892,0,"/audio/case-markus-bandscheibe/anthropomorphic/B.mp3","18–24","weiblich",3,2
"P06",1,"case-lea-streptokokken","refute",1,"machine",1,"A",6,"A",4,-2,0,6318,5701,0,"/audio/case-lea-streptokokken/machine/C.mp3","25–34","weiblich",2,5
"P06",1,"case-helga-alterswarzen","confirm",1,"machine",2,"B",5,"B",6,1,0,3500,1701,0,"/audio/case-helga-alterswarzen/machine/B.mp3","25–34","weiblich",2,5
"P06",1,"case-anna-erkaeltung","confirm",1,"machine",3,"B",4,"B",6,2,0,8218,1834,0,"/audio/case-anna-erkaeltung/machine/B.mp3","25–34","weiblich",2,5
"P06",1,"case-anna-erkaeltung","confirm",1,"machine",3,"B",4,"B",5,1,0,8218,1834,0,"/audio/case-anna-erkaeltung/machine/B.mp3","25–34","weiblich",2,5
"P06",1,"case-anna-erkaeltung","confirm",1,"machine",3,"B",4,"B",6,2,0,8218,1834,0,"/audio/case-anna-erkaeltung/machine/B.mp3","25–34","weiblich",2,5
"P06",1,"case-sophie-lungenentzuendung","refute",1,"machine",4,"A",6,"A",5,-1,0,2452,1967,0,"/audio/case-sophie-lungenentzuendung/machine/B.mp3","25–34","weiblich",2,5
"P06",1,"case-nina-bindehaut","confirm",2,"anthropomorphic",1,"A",4,"A",5,1,0,4218,2835,0,"/audio/case-nina-bindehaut/anthropomorphic/A.mp3","25–34","weiblich",2,5
"P06",1,"case-paul-ekzem","refute",2,"anthropomorphic",2,"A",5,"B",5,0,1,2417,2235,0,"/audio/case-paul-ekzem/anthropomorphic/B.mp3","25–34","weiblich",2,5
"P06",1,"case-tomas-blase","refute",2,"anthropomorphic",3,"A",6,"A",4,-2,0,1368,1103,0,"/audio/case-tomas-blase/anthropomorphic/B.mp3","25–34","weiblich",2,5
"P06",1,"case-tim-karies","confirm",2,"anthropomorphic",4,"B",6,"B",7,1,0,2117,1467,0,"/audio/case-tim-karies/anthropomorphic/B.mp3","25–34","weiblich",2,5
"P07",1,"case-tomas-blase","confirm",1,"machine",1,"A",4,"A",4,0,0,6472,1412,0,"/audio/case-tomas-blase/machine/A.mp3","18–24","weiblich",3,1
"P07",1,"case-daniel-belastungsreaktion","refute",1,"machine",2,"A",5,"A",4,-1,0,6065,7326,0,"/audio/case-daniel-belastungsreaktion/machine/B.mp3","18–24","weiblich",3,1
"P07",1,"case-nina-bindehaut","refute",1,"machine",3,"A",2,"B",2,0,1,17270,1328,0,"/audio/case-nina-bindehaut/machine/B.mp3","18–24","weiblich",3,1
"P07",1,"case-anna-erkaeltung","confirm",1,"machine",4,"B",4,"B",5,1,0,2170,1520,0,"/audio/case-anna-erkaeltung/machine/B.mp3","18–24","weiblich",3,1
"P07",1,"case-helga-alterswarzen","confirm",2,"anthropomorphic",1,"B",3,"B",3,0,0,4595,2350,0,"/audio/case-helga-alterswarzen/anthropomorphic/B.mp3","18–24","weiblich",3,1
"P07",1,"case-lea-streptokokken","confirm",2,"anthropomorphic",2,"C",4,"C",4,0,0,3993,81303,0,"/audio/case-lea-streptokokken/anthropomorphic/C.mp3","18–24","weiblich",3,1
"P07",1,"case-tim-karies","refute",2,"anthropomorphic",3,"C",3,"A",4,1,1,18054,3204,0,"/audio/case-tim-karies/anthropomorphic/A.mp3","18–24","weiblich",3,1
"P07",1,"case-markus-bandscheibe","refute",2,"anthropomorphic",4,"A",5,"A",3,-2,0,3007,2813,0,"/audio/case-markus-bandscheibe/anthropomorphic/B.mp3","18–24","weiblich",3,1
"P08",1,"case-nina-bindehaut","confirm",1,"machine",1,"A",3,"A",4,1,0,29395,2870,0,"/audio/case-nina-bindehaut/machine/A.mp3","18–24","weiblich",3,1
"P08",1,"case-tomas-blase","refute",1,"machine",2,"A",6,"B",4,-2,1,3143,5479,0,"/audio/case-tomas-blase/machine/B.mp3","18–24","weiblich",3,1
"P08",1,"case-jonas-trommelfellriss","refute",1,"machine",3,"C",4,"A",2,-2,1,12401,25265,0,"/audio/case-jonas-trommelfellriss/machine/B.mp3","18–24","weiblich",3,1
"P08",1,"case-daniel-belastungsreaktion","confirm",1,"machine",4,"A",1,"A",3,2,0,14712,3379,0,"/audio/case-daniel-belastungsreaktion/machine/A.mp3","18–24","weiblich",3,1
"P08",1,"case-helga-alterswarzen","refute",2,"anthropomorphic",1,"B",1,"C",3,2,1,18732,14233,0,"/audio/case-helga-alterswarzen/anthropomorphic/C.mp3","18–24","weiblich",3,1
"P08",1,"case-tim-karies","confirm",2,"anthropomorphic",2,"A",3,"A",4,1,0,13827,1654,0,"/audio/case-tim-karies/anthropomorphic/A.mp3","18–24","weiblich",3,1
"P08",1,"case-anna-erkaeltung","refute",2,"anthropomorphic",3,"B",5,"A",3,-2,1,12372,2124,0,"/audio/case-anna-erkaeltung/anthropomorphic/A.mp3","18–24","weiblich",3,1
"P08",1,"case-paul-ekzem","confirm",2,"anthropomorphic",4,"C",2,"C",5,3,0,8725,2109,0,"/audio/case-paul-ekzem/anthropomorphic/C.mp3","18–24","weiblich",3,1
"P09",1,"case-martin-bronchitis","refute",1,"machine",1,"A",4,"B",6,2,1,3934,4237,0,"/audio/case-martin-bronchitis/machine/B.mp3","18–24","weiblich",4,5
"P09",1,"case-paul-ekzem","confirm",1,"machine",2,"A",6,"A",7,1,0,2752,1018,0,"/audio/case-paul-ekzem/machine/A.mp3","18–24","weiblich",4,5
"P09",1,"case-tomas-blase","confirm",1,"machine",3,"B",5,"B",7,2,0,3369,1018,0,"/audio/case-tomas-blase/machine/B.mp3","18–24","weiblich",4,5
"P09",1,"case-helga-alterswarzen","refute",1,"machine",4,"A",4,"C",5,1,1,4015,1419,0,"/audio/case-helga-alterswarzen/machine/C.mp3","18–24","weiblich",4,5
"P09",1,"case-lea-streptokokken","confirm",2,"anthropomorphic",1,"A",4,"A",6,2,0,4068,1318,0,"/audio/case-lea-streptokokken/anthropomorphic/A.mp3","18–24","weiblich",4,5
"P09",1,"case-nina-bindehaut","refute",2,"anthropomorphic",2,"A",3,"C",6,3,1,11968,1219,0,"/audio/case-nina-bindehaut/anthropomorphic/C.mp3","18–24","weiblich",4,5
"P09",1,"case-tim-karies","confirm",2,"anthropomorphic",3,"C",5,"C",7,2,0,3456,1653,0,"/audio/case-tim-karies/anthropomorphic/C.mp3","18–24","weiblich",4,5
"P09",1,"case-markus-bandscheibe","refute",2,"anthropomorphic",4,"A",5,"C",7,2,1,4750,1736,0,"/audio/case-markus-bandscheibe/anthropomorphic/C.mp3","18–24","weiblich",4,5
"P10",1,"case-tim-karies","refute",1,"machine",1,"C",4,"B",4,0,1,14780,5113,0,"/audio/case-tim-karies/machine/B.mp3","25–34","weiblich",2,2
"P10",1,"case-markus-bandscheibe","confirm",1,"machine",2,"B",5,"B",6,1,0,4180,11952,0,"/audio/case-markus-bandscheibe/machine/B.mp3","25–34","weiblich",2,2
"P10",1,"case-anna-erkaeltung","refute",1,"machine",3,"A",5,"B",4,-1,1,12915,1730,0,"/audio/case-anna-erkaeltung/machine/B.mp3","25–34","weiblich",2,2
"P10",1,"case-tomas-blase","confirm",1,"machine",4,"A",5,"A",6,1,0,5874,13131,0,"/audio/case-tomas-blase/machine/A.mp3","25–34","weiblich",2,2
"P10",1,"case-helga-alterswarzen","refute",2,"anthropomorphic",1,"B",2,"C",5,3,1,25015,4366,0,"/audio/case-helga-alterswarzen/anthropomorphic/C.mp3","25–34","weiblich",2,2
"P10",1,"case-paul-ekzem","confirm",2,"anthropomorphic",2,"A",6,"A",7,1,0,5530,2031,0,"/audio/case-paul-ekzem/anthropomorphic/A.mp3","25–34","weiblich",2,2
"P10",1,"case-nina-bindehaut","refute",2,"anthropomorphic",3,"A",6,"A",6,0,0,3927,1549,0,"/audio/case-nina-bindehaut/anthropomorphic/B.mp3","25–34","weiblich",2,2
"P10",1,"case-daniel-belastungsreaktion","confirm",2,"anthropomorphic",4,"B",5,"B",6,1,0,13333,2451,0,"/audio/case-daniel-belastungsreaktion/anthropomorphic/B.mp3","25–34","weiblich",2,2
"P11",1,"case-jonas-trommelfellriss","confirm",1,"anthropomorphic",1,"B",4,"B",5,1,0,6250,2491,0,"/audio/case-jonas-trommelfellriss/anthropomorphic/B.mp3","18–24","männlich",1,3
"P11",1,"case-sophie-lungenentzuendung","refute",1,"anthropomorphic",2,"C",6,"C",5,-1,0,10142,1905,0,"/audio/case-sophie-lungenentzuendung/anthropomorphic/A.mp3","18–24","männlich",1,3
"P11",1,"case-martin-bronchitis","refute",1,"anthropomorphic",3,"B",6,"B",6,0,0,9555,3037,0,"/audio/case-martin-bronchitis/anthropomorphic/A.mp3","18–24","männlich",1,3
"P11",1,"case-daniel-belastungsreaktion","confirm",1,"anthropomorphic",4,"A",7,"A",6,-1,0,7047,2519,0,"/audio/case-daniel-belastungsreaktion/anthropomorphic/A.mp3","18–24","männlich",1,3
"P11",1,"case-paul-ekzem","confirm",2,"machine",1,"B",5,"B",5,0,0,4812,4175,0,"/audio/case-paul-ekzem/machine/B.mp3","18–24","männlich",1,3
"P11",1,"case-markus-bandscheibe","confirm",2,"machine",2,"A",6,"A",5,-1,0,3846,2200,0,"/audio/case-markus-bandscheibe/machine/A.mp3","18–24","männlich",1,3
"P11",1,"case-helga-alterswarzen","refute",2,"machine",3,"C",4,"C",5,1,0,7557,3806,0,"/audio/case-helga-alterswarzen/machine/A.mp3","18–24","männlich",1,3
"P11",1,"case-lea-streptokokken","refute",2,"machine",4,"C",5,"C",6,1,0,9537,5508,0,"/audio/case-lea-streptokokken/machine/B.mp3","18–24","männlich",1,3
"P12",1,"case-tomas-blase","confirm",1,"machine",1,"A",3,"A",4,1,0,4923,1491,0,"/audio/case-tomas-blase/machine/A.mp3","18–24","männlich",3,3
"P12",1,"case-martin-bronchitis","refute",1,"machine",2,"A",5,"A",5,0,0,5029,1575,0,"/audio/case-martin-bronchitis/machine/B.mp3","18–24","männlich",3,3
"P12",1,"case-sophie-lungenentzuendung","confirm",1,"machine",3,"A",3,"A",5,2,0,9973,1184,0,"/audio/case-sophie-lungenentzuendung/machine/A.mp3","18–24","männlich",3,3
"P12",1,"case-jonas-trommelfellriss","refute",1,"machine",4,"B",3,"B",2,-1,0,17102,12180,0,"/audio/case-jonas-trommelfellriss/machine/A.mp3","18–24","männlich",3,3
"P12",1,"case-helga-alterswarzen","refute",2,"anthropomorphic",1,"B",2,"A",3,1,1,6795,2524,0,"/audio/case-helga-alterswarzen/anthropomorphic/A.mp3","18–24","männlich",3,3
"P12",1,"case-paul-ekzem","confirm",2,"anthropomorphic",2,"C",3,"C",4,1,0,4489,1334,0,"/audio/case-paul-ekzem/anthropomorphic/C.mp3","18–24","männlich",3,3
"P12",1,"case-nina-bindehaut","refute",2,"anthropomorphic",3,"C",4,"C",2,-2,0,20754,9665,0,"/audio/case-nina-bindehaut/anthropomorphic/A.mp3","18–24","männlich",3,3
"P12",1,"case-tim-karies","confirm",2,"anthropomorphic",4,"C",3,"C",4,1,0,7348,1533,0,"/audio/case-tim-karies/anthropomorphic/C.mp3","18–24","männlich",3,3
"P13",1,"case-helga-alterswarzen","confirm",1,"anthropomorphic",1,"C",3,"C",7,4,0,5876,1841,0,"/audio/case-helga-alterswarzen/anthropomorphic/C.mp3","18–24","männlich",7,7
"P13",1,"case-nina-bindehaut","refute",1,"anthropomorphic",2,"B",3,"A",4,1,1,5413,3048,0,"/audio/case-nina-bindehaut/anthropomorphic/C.mp3","18–24","männlich",7,7
"P13",1,"case-daniel-belastungsreaktion","confirm",1,"anthropomorphic",3,"A",4,"A",6,2,0,4162,1990,0,"/audio/case-daniel-belastungsreaktion/anthropomorphic/A.mp3","18–24","männlich",7,7
"P13",1,"case-tim-karies","refute",1,"anthropomorphic",4,"B",4,"A",3,-1,1,3413,2520,0,"/audio/case-tim-karies/anthropomorphic/A.mp3","18–24","männlich",7,7
"P13",1,"case-anna-erkaeltung","refute",2,"machine",1,"B",3,"B",4,1,0,3254,2997,0,"/audio/case-anna-erkaeltung/machine/C.mp3","18–24","männlich",7,7
"P13",1,"case-tomas-blase","confirm",2,"machine",2,"B",5,"B",6,1,0,3868,3258,0,"/audio/case-tomas-blase/machine/B.mp3","18–24","männlich",7,7
"P13",1,"case-jonas-trommelfellriss","refute",2,"machine",3,"B",2,"A",6,4,1,4687,2868,0,"/audio/case-jonas-trommelfellriss/machine/A.mp3","18–24","männlich",7,7
"P13",1,"case-martin-bronchitis","confirm",2,"machine",4,"A",2,"A",6,4,0,4172,1521,0,"/audio/case-martin-bronchitis/machine/A.mp3","18–24","männlich",7,7
"P14",1,"case-nina-bindehaut","confirm",1,"anthropomorphic",1,"A",4,"A",5,1,0,18417,6385,0,"/audio/case-nina-bindehaut/anthropomorphic/A.mp3","18–24","männlich",2,3
"P14",1,"case-martin-bronchitis","refute",1,"anthropomorphic",2,"A",4,"B",3,-1,1,5946,1702,0,"/audio/case-martin-bronchitis/anthropomorphic/B.mp3","18–24","männlich",2,3
"P14",1,"case-tomas-blase","refute",1,"anthropomorphic",3,"B",4,"A",4,0,1,9996,1369,0,"/audio/case-tomas-blase/anthropomorphic/A.mp3","18–24","männlich",2,3
"P14",1,"case-sophie-lungenentzuendung","confirm",1,"anthropomorphic",4,"A",4,"A",5,1,0,4906,1969,0,"/audio/case-sophie-lungenentzuendung/anthropomorphic/A.mp3","18–24","männlich",2,3
"P14",1,"case-markus-bandscheibe","confirm",2,"machine",1,"B",4,"B",5,1,0,3578,1397,0,"/audio/case-markus-bandscheibe/machine/B.mp3","18–24","männlich",2,3
"P14",1,"case-lea-streptokokken","refute",2,"machine",2,"A",4,"B",4,0,1,3987,2138,0,"/audio/case-lea-streptokokken/machine/B.mp3","18–24","männlich",2,3
"P14",1,"case-anna-erkaeltung","confirm",2,"machine",3,"B",4,"B",5,1,0,3717,4033,0,"/audio/case-anna-erkaeltung/machine/B.mp3","18–24","männlich",2,3
"P14",1,"case-daniel-belastungsreaktion","refute",2,"machine",4,"A",3,"B",4,1,1,9086,3768,0,"/audio/case-daniel-belastungsreaktion/machine/B.mp3","18–24","männlich",2,3
"P15",1,"case-markus-bandscheibe","refute",1,"anthropomorphic",1,"B",5,"B",5,0,0,38341,6204,0,"/audio/case-markus-bandscheibe/anthropomorphic/A.mp3","25–34","weiblich",7,7
"P15",1,"case-jonas-trommelfellriss","confirm",1,"anthropomorphic",2,"B",5,"B",6,1,0,9517,1887,0,"/audio/case-jonas-trommelfellriss/anthropomorphic/B.mp3","25–34","weiblich",7,7
"P15",1,"case-lea-streptokokken","confirm",1,"anthropomorphic",3,"A",6,"A",6,0,0,16959,3452,0,"/audio/case-lea-streptokokken/anthropomorphic/A.mp3","25–34","weiblich",7,7
"P15",1,"case-nina-bindehaut","refute",1,"anthropomorphic",4,"B",6,"A",5,-1,1,14535,2953,0,"/audio/case-nina-bindehaut/anthropomorphic/A.mp3","25–34","weiblich",7,7
"P15",1,"case-anna-erkaeltung","confirm",2,"machine",1,"B",6,"B",6,0,0,6430,13684,0,"/audio/case-anna-erkaeltung/machine/B.mp3","25–34","weiblich",7,7
"P15",1,"case-sophie-lungenentzuendung","refute",2,"machine",2,"A",6,"C",5,-1,1,5933,2418,0,"/audio/case-sophie-lungenentzuendung/machine/C.mp3","25–34","weiblich",7,7
"P15",1,"case-martin-bronchitis","refute",2,"machine",3,"A",6,"C",5,-1,1,3896,2222,0,"/audio/case-martin-bronchitis/machine/C.mp3","25–34","weiblich",7,7
"P15",1,"case-helga-alterswarzen","confirm",2,"machine",4,"B",5,"B",5,0,0,5079,1849,0,"/audio/case-helga-alterswarzen/machine/B.mp3","25–34","weiblich",7,7
"P16",1,"case-markus-bandscheibe","refute",1,"machine",1,"A",7,"A",6,-1,0,1797,2172,0,"/audio/case-markus-bandscheibe/machine/C.mp3","55+","weiblich",7,7
"P16",1,"case-markus-bandscheibe","refute",1,"machine",1,"A",7,"A",6,-1,0,1790,1657,0,"/audio/case-markus-bandscheibe/machine/C.mp3","55+","weiblich",7,7
"P16",1,"case-daniel-belastungsreaktion","confirm",1,"machine",2,"A",6,"A",7,1,0,10896,1724,0,"/audio/case-daniel-belastungsreaktion/machine/A.mp3","55+","weiblich",7,7
"P16",1,"case-paul-ekzem","confirm",1,"machine",3,"A",6,"A",7,1,0,3091,1912,0,"/audio/case-paul-ekzem/machine/A.mp3","55+","weiblich",7,7
"P16",1,"case-anna-erkaeltung","refute",1,"machine",4,"A",6,"A",6,0,0,4762,3117,0,"/audio/case-anna-erkaeltung/machine/B.mp3","55+","weiblich",7,7
"P16",1,"case-lea-streptokokken","confirm",2,"anthropomorphic",1,"A",6,"A",7,1,0,4476,1524,0,"/audio/case-lea-streptokokken/anthropomorphic/A.mp3","55+","weiblich",7,7
"P16",1,"case-jonas-trommelfellriss","refute",2,"anthropomorphic",2,"B",4,"A",5,1,1,10137,4297,0,"/audio/case-jonas-trommelfellriss/anthropomorphic/A.mp3","55+","weiblich",7,7
"P16",1,"case-sophie-lungenentzuendung","confirm",2,"anthropomorphic",3,"A",7,"A",7,0,0,2588,1518,0,"/audio/case-sophie-lungenentzuendung/anthropomorphic/A.mp3","55+","weiblich",7,7
"P16",1,"case-tim-karies","refute",2,"anthropomorphic",4,"B",6,"B",5,-1,0,3582,3041,0,"/audio/case-tim-karies/anthropomorphic/C.mp3","55+","weiblich",7,7
"P17",1,"case-paul-ekzem","confirm",1,"anthropomorphic",1,"B",5,"B",5,0,0,5912,4000,0,"/audio/case-paul-ekzem/anthropomorphic/B.mp3","18–24","männlich",5,6
"P17",1,"case-tomas-blase","refute",1,"anthropomorphic",2,"B",2,"A",5,3,1,3927,2220,0,"/audio/case-tomas-blase/anthropomorphic/A.mp3","18–24","männlich",5,6
"P17",1,"case-helga-alterswarzen","refute",1,"anthropomorphic",3,"A",5,"A",5,0,0,7657,4091,0,"/audio/case-helga-alterswarzen/anthropomorphic/B.mp3","18–24","männlich",5,6
"P17",1,"case-martin-bronchitis","confirm",1,"anthropomorphic",4,"C",5,"C",5,0,0,4598,2315,0,"/audio/case-martin-bronchitis/anthropomorphic/C.mp3","18–24","männlich",5,6
"P17",1,"case-nina-bindehaut","confirm",2,"machine",1,"C",5,"A",4,-1,1,11036,8046,0,"/audio/case-nina-bindehaut/machine/C.mp3","18–24","männlich",5,6
"P17",1,"case-sophie-lungenentzuendung","refute",2,"machine",2,"A",6,"C",5,-1,1,13882,1703,0,"/audio/case-sophie-lungenentzuendung/machine/C.mp3","18–24","männlich",5,6
"P17",1,"case-tim-karies","confirm",2,"machine",3,"B",7,"B",7,0,0,4940,1762,0,"/audio/case-tim-karies/machine/B.mp3","18–24","männlich",5,6
"P17",1,"case-jonas-trommelfellriss","refute",2,"machine",4,"C",5,"C",6,1,0,4693,1871,0,"/audio/case-jonas-trommelfellriss/machine/B.mp3","18–24","männlich",5,6
"P18",1,"case-daniel-belastungsreaktion","confirm",1,"machine",1,"B",2,"B",3,1,0,3589,1946,0,"/audio/case-daniel-belastungsreaktion/machine/B.mp3","18–24","divers",3,1
"P18",1,"case-jonas-trommelfellriss","refute",1,"machine",2,"B",2,"B",2,0,0,3960,24719,0,"/audio/case-jonas-trommelfellriss/machine/A.mp3","18–24","divers",3,1
"P18",1,"case-helga-alterswarzen","refute",1,"machine",3,"A",2,"C",2,0,1,10845,1547,0,"/audio/case-helga-alterswarzen/machine/C.mp3","18–24","divers",3,1
"P18",1,"case-paul-ekzem","confirm",1,"machine",4,"C",2,"C",3,1,0,3577,1281,0,"/audio/case-paul-ekzem/machine/C.mp3","18–24","divers",3,1
"P18",1,"case-anna-erkaeltung","refute",2,"anthropomorphic",1,"B",2,"B",2,0,0,2859,2018,0,"/audio/case-anna-erkaeltung/anthropomorphic/A.mp3","18–24","divers",3,1
"P18",1,"case-martin-bronchitis","confirm",2,"anthropomorphic",2,"A",3,"A",2,-1,0,3300,1819,0,"/audio/case-martin-bronchitis/anthropomorphic/A.mp3","18–24","divers",3,1
"P18",1,"case-markus-bandscheibe","confirm",2,"anthropomorphic",3,"A",2,"A",2,0,0,2423,1509,0,"/audio/case-markus-bandscheibe/anthropomorphic/A.mp3","18–24","divers",3,1
"P18",1,"case-tomas-blase","refute",2,"anthropomorphic",4,"A",3,"B",2,-1,1,2898,1463,0,"/audio/case-tomas-blase/anthropomorphic/B.mp3","18–24","divers",3,1
"P19",1,"case-paul-ekzem","refute",1,"anthropomorphic",1,"B",3,"A",3,0,1,24150,2709,0,"/audio/case-paul-ekzem/anthropomorphic/A.mp3","18–24","männlich",2,4
"P19",1,"case-sophie-lungenentzuendung","confirm",1,"anthropomorphic",2,"A",7,"A",7,0,0,12476,1550,0,"/audio/case-sophie-lungenentzuendung/anthropomorphic/A.mp3","18–24","männlich",2,4
"P19",1,"case-nina-bindehaut","confirm",1,"anthropomorphic",3,"A",4,"A",5,1,0,10111,4744,0,"/audio/case-nina-bindehaut/anthropomorphic/A.mp3","18–24","männlich",2,4
"P19",1,"case-martin-bronchitis","refute",1,"anthropomorphic",4,"A",7,"A",6,-1,0,2823,5543,0,"/audio/case-martin-bronchitis/anthropomorphic/C.mp3","18–24","männlich",2,4
"P19",1,"case-daniel-belastungsreaktion","confirm",2,"machine",1,"B",4,"B",5,1,0,5860,2816,0,"/audio/case-daniel-belastungsreaktion/machine/B.mp3","18–24","männlich",2,4
"P19",1,"case-jonas-trommelfellriss","refute",2,"machine",2,"B",6,"B",3,-3,0,2688,9059,0,"/audio/case-jonas-trommelfellriss/machine/A.mp3","18–24","männlich",2,4
"P19",1,"case-helga-alterswarzen","refute",2,"machine",3,"B",4,"B",2,-2,0,2567,10660,0,"/audio/case-helga-alterswarzen/machine/A.mp3","18–24","männlich",2,4
"P19",1,"case-tim-karies","confirm",2,"machine",4,"B",5,"B",6,1,0,4694,2234,0,"/audio/case-tim-karies/machine/B.mp3","18–24","männlich",2,4
"P20",0,"case-markus-bandscheibe","confirm",1,"machine",1,"A",6,"A",6,0,0,6162,4046,0,"/audio/case-markus-bandscheibe/machine/A.mp3","18–24","männlich",4,2
"P20",0,"case-markus-bandscheibe","confirm",1,"machine",1,"A",6,"A",6,0,0,6162,4046,0,"/audio/case-markus-bandscheibe/machine/A.mp3","18–24","männlich",4,2
"P20",0,"case-tim-karies","refute",1,"machine",2,"B",6,"B",6,0,0,4206,1696,0,"/audio/case-tim-karies/machine/C.mp3","18–24","männlich",4,2
"P20",0,"case-daniel-belastungsreaktion","refute",1,"machine",3,"B",6,"B",6,0,0,6524,1486,0,"/audio/case-daniel-belastungsreaktion/machine/C.mp3","18–24","männlich",4,2
"P20",0,"case-daniel-belastungsreaktion","refute",1,"machine",3,"B",6,"B",7,1,0,6524,1486,0,"/audio/case-daniel-belastungsreaktion/machine/C.mp3","18–24","männlich",4,2
"P20",0,"case-martin-bronchitis","confirm",1,"machine",4,"A",7,"A",7,0,0,2777,2914,0,"/audio/case-martin-bronchitis/machine/A.mp3","18–24","männlich",4,2
"P21",1,"case-lea-streptokokken","refute",1,"anthropomorphic",1,"C",6,"C",5,-1,0,5093,3623,0,"/audio/case-lea-streptokokken/anthropomorphic/B.mp3","45–54","weiblich",7,6
"P21",1,"case-tomas-blase","confirm",1,"anthropomorphic",2,"A",6,"A",7,1,0,1928,3441,0,"/audio/case-tomas-blase/anthropomorphic/A.mp3","45–54","weiblich",7,6
"P21",1,"case-markus-bandscheibe","confirm",1,"anthropomorphic",3,"A",6,"A",7,1,0,4852,1546,0,"/audio/case-markus-bandscheibe/anthropomorphic/A.mp3","45–54","weiblich",7,6
"P21",1,"case-paul-ekzem","refute",1,"anthropomorphic",4,"A",5,"B",6,1,1,8402,1531,0,"/audio/case-paul-ekzem/anthropomorphic/B.mp3","45–54","weiblich",7,6
"P21",1,"case-tim-karies","refute",2,"machine",1,"C",6,"B",6,0,1,10798,7275,0,"/audio/case-tim-karies/machine/A.mp3","45–54","weiblich",7,6
"P21",1,"case-daniel-belastungsreaktion","confirm",2,"machine",2,"B",6,"B",7,1,0,7285,2046,0,"/audio/case-daniel-belastungsreaktion/machine/B.mp3","45–54","weiblich",7,6
"P21",1,"case-helga-alterswarzen","confirm",2,"machine",3,"B",6,"B",7,1,0,5759,1208,0,"/audio/case-helga-alterswarzen/machine/B.mp3","45–54","weiblich",7,6
"P21",1,"case-nina-bindehaut","refute",2,"machine",4,"A",7,"A",6,-1,0,7114,4792,0,"/audio/case-nina-bindehaut/machine/C.mp3","45–54","weiblich",7,6
"P22",1,"case-paul-ekzem","refute",1,"machine",1,"A",7,"B",7,0,1,7192,1314,0,"/audio/case-paul-ekzem/machine/B.mp3","25–34","männlich",7,4
"P22",1,"case-tomas-blase","refute",1,"machine",2,"A",7,"B",7,0,1,3847,1752,0,"/audio/case-tomas-blase/machine/B.mp3","25–34","männlich",7,4
"P22",1,"case-nina-bindehaut","confirm",1,"machine",3,"A",7,"A",7,0,0,3331,1816,0,"/audio/case-nina-bindehaut/machine/A.mp3","25–34","männlich",7,4
"P22",1,"case-anna-erkaeltung","confirm",1,"machine",4,"A",4,"A",7,3,0,7408,1170,1,"/audio/case-anna-erkaeltung/machine/A.mp3","25–34","männlich",7,4
"P22",1,"case-tim-karies","refute",2,"anthropomorphic",1,"B",5,"A",7,2,1,4872,2265,0,"/audio/case-tim-karies/anthropomorphic/A.mp3","25–34","männlich",7,4
"P22",1,"case-tim-karies","refute",2,"anthropomorphic",1,"A",7,"A",7,0,0,1664,3163,0,"/audio/case-tim-karies/anthropomorphic/B.mp3","25–34","männlich",7,4
"P22",1,"case-markus-bandscheibe","confirm",2,"anthropomorphic",2,"A",7,"A",7,0,0,1700,1251,0,"/audio/case-markus-bandscheibe/anthropomorphic/A.mp3","25–34","männlich",7,4
"P22",1,"case-markus-bandscheibe","confirm",2,"anthropomorphic",2,"A",7,"A",7,0,0,1349,1283,0,"/audio/case-markus-bandscheibe/anthropomorphic/A.mp3","25–34","männlich",7,4
"P22",1,"case-sophie-lungenentzuendung","confirm",2,"anthropomorphic",3,"A",7,"A",7,0,0,4626,1184,0,"/audio/case-sophie-lungenentzuendung/anthropomorphic/A.mp3","25–34","männlich",7,4
"P22",1,"case-martin-bronchitis","refute",2,"anthropomorphic",4,"A",7,"B",2,-5,1,2846,2531,0,"/audio/case-martin-bronchitis/anthropomorphic/B.mp3","25–34","männlich",7,4
"P23",1,"case-daniel-belastungsreaktion","refute",1,"anthropomorphic",1,"A",6,"A",5,-1,0,7292,8264,0,"/audio/case-daniel-belastungsreaktion/anthropomorphic/C.mp3","45–54","männlich",2,2
"P23",1,"case-sophie-lungenentzuendung","confirm",1,"anthropomorphic",2,"C",6,"C",5,-1,0,6319,2484,0,"/audio/case-sophie-lungenentzuendung/anthropomorphic/C.mp3","45–54","männlich",2,2
"P23",1,"case-helga-alterswarzen","confirm",1,"anthropomorphic",3,"B",6,"B",5,-1,0,7792,1953,0,"/audio/case-helga-alterswarzen/anthropomorphic/B.mp3","45–54","männlich",2,2
"P23",1,"case-paul-ekzem","refute",1,"anthropomorphic",4,"C",6,"C",6,0,0,9394,1361,0,"/audio/case-paul-ekzem/anthropomorphic/A.mp3","45–54","männlich",2,2
"P23",1,"case-martin-bronchitis","refute",2,"machine",1,"A",6,"A",6,0,0,4692,1535,0,"/audio/case-martin-bronchitis/machine/B.mp3","45–54","männlich",2,2
"P23",1,"case-tomas-blase","refute",2,"machine",2,"B",6,"B",6,0,0,5928,1499,0,"/audio/case-tomas-blase/machine/A.mp3","45–54","männlich",2,2
"P23",1,"case-nina-bindehaut","confirm",2,"machine",3,"A",4,"A",4,0,0,15794,1810,0,"/audio/case-nina-bindehaut/machine/A.mp3","45–54","männlich",2,2
"P23",1,"case-anna-erkaeltung","confirm",2,"machine",4,"A",5,"A",6,1,0,6752,9569,0,"/audio/case-anna-erkaeltung/machine/A.mp3","45–54","männlich",2,2
"P24",1,"case-anna-erkaeltung","refute",1,"machine",1,"B",5,"B",5,0,0,2618,3708,0,"/audio/case-anna-erkaeltung/machine/A.mp3","25–34","männlich",5,3
"P24",1,"case-nina-bindehaut","refute",1,"machine",2,"A",3,"B",4,1,1,9694,3338,0,"/audio/case-nina-bindehaut/machine/B.mp3","25–34","männlich",5,3
"P24",1,"case-daniel-belastungsreaktion","confirm",1,"machine",3,"B",5,"B",6,1,0,3788,1890,0,"/audio/case-daniel-belastungsreaktion/machine/B.mp3","25–34","männlich",5,3
"P24",1,"case-jonas-trommelfellriss","confirm",1,"machine",4,"B",4,"B",5,1,0,3188,1656,0,"/audio/case-jonas-trommelfellriss/machine/B.mp3","25–34","männlich",5,3
"P24",1,"case-markus-bandscheibe","refute",2,"anthropomorphic",1,"C",4,"C",4,0,0,5375,5691,0,"/audio/case-markus-bandscheibe/anthropomorphic/A.mp3","25–34","männlich",5,3
"P24",1,"case-tim-karies","confirm",2,"anthropomorphic",2,"C",5,"C",6,1,0,3140,1619,0,"/audio/case-tim-karies/anthropomorphic/C.mp3","25–34","männlich",5,3
"P24",1,"case-lea-streptokokken","refute",2,"anthropomorphic",3,"A",4,"A",4,0,0,10426,1473,0,"/audio/case-lea-streptokokken/anthropomorphic/C.mp3","25–34","männlich",5,3
"P24",1,"case-helga-alterswarzen","confirm",2,"anthropomorphic",4,"C",5,"C",6,1,0,4276,1988,0,"/audio/case-helga-alterswarzen/anthropomorphic/C.mp3","25–34","männlich",5,3
"P25",1,"case-nina-bindehaut","refute",1,"machine",1,"A",4,"A",3,-1,0,9531,1403,0,"/audio/case-nina-bindehaut/machine/C.mp3","18–24","männlich",5,4
"P25",1,"case-paul-ekzem","confirm",1,"machine",2,"B",2,"B",4,2,0,9591,1602,0,"/audio/case-paul-ekzem/machine/B.mp3","18–24","männlich",5,4
"P25",1,"case-daniel-belastungsreaktion","refute",1,"machine",3,"B",5,"A",4,-1,1,6433,2269,0,"/audio/case-daniel-belastungsreaktion/machine/A.mp3","18–24","männlich",5,4
"P25",1,"case-sophie-lungenentzuendung","confirm",1,"machine",4,"C",4,"C",5,1,0,3741,2085,0,"/audio/case-sophie-lungenentzuendung/machine/C.mp3","18–24","männlich",5,4
"P25",1,"case-anna-erkaeltung","confirm",2,"anthropomorphic",1,"C",3,"C",4,1,0,4052,2019,0,"/audio/case-anna-erkaeltung/anthropomorphic/C.mp3","18–24","männlich",5,4
"P25",1,"case-tim-karies","refute",2,"anthropomorphic",2,"C",3,"C",2,-1,0,4104,4156,0,"/audio/case-tim-karies/anthropomorphic/A.mp3","18–24","männlich",5,4
"P25",1,"case-markus-bandscheibe","confirm",2,"anthropomorphic",3,"A",1,"A",3,2,0,6216,1165,0,"/audio/case-markus-bandscheibe/anthropomorphic/A.mp3","18–24","männlich",5,4
"P25",1,"case-helga-alterswarzen","refute",2,"anthropomorphic",4,"C",2,"C",3,1,0,4432,2387,0,"/audio/case-helga-alterswarzen/anthropomorphic/B.mp3","18–24","männlich",5,4
"P26",1,"case-markus-bandscheibe","confirm",1,"anthropomorphic",1,"A",5,"A",6,1,0,16800,3455,0,"/audio/case-markus-bandscheibe/anthropomorphic/A.mp3","25–34","männlich",5,1
"P26",1,"case-tim-karies","confirm",1,"anthropomorphic",2,"B",5,"B",7,2,0,5927,1566,0,"/audio/case-tim-karies/anthropomorphic/B.mp3","25–34","männlich",5,1
"P26",1,"case-helga-alterswarzen","refute",1,"anthropomorphic",3,"C",3,"C",3,0,0,15820,8885,0,"/audio/case-helga-alterswarzen/anthropomorphic/A.mp3","25–34","männlich",5,1
"P26",1,"case-daniel-belastungsreaktion","refute",1,"anthropomorphic",4,"B",5,"B",5,0,0,11151,3022,0,"/audio/case-daniel-belastungsreaktion/anthropomorphic/C.mp3","25–34","männlich",5,1
"P26",1,"case-tomas-blase","confirm",2,"machine",1,"A",5,"A",5,0,0,18706,4572,0,"/audio/case-tomas-blase/machine/A.mp3","25–34","männlich",5,1
"P26",1,"case-martin-bronchitis","confirm",2,"machine",2,"A",6,"A",6,0,0,5393,3055,0,"/audio/case-martin-bronchitis/machine/A.mp3","25–34","männlich",5,1
"P26",1,"case-sophie-lungenentzuendung","refute",2,"machine",3,"C",5,"C",5,0,0,4130,2883,0,"/audio/case-sophie-lungenentzuendung/machine/B.mp3","25–34","männlich",5,1
"P26",1,"case-paul-ekzem","refute",2,"machine",4,"B",4,"A",3,-1,1,12498,6575,0,"/audio/case-paul-ekzem/machine/A.mp3","25–34","männlich",5,1
"P27",1,"case-nina-bindehaut","refute",1,"anthropomorphic",1,"A",6,"B",3,-3,1,3782,6917,0,"/audio/case-nina-bindehaut/anthropomorphic/B.mp3","25–34","divers",7,2
"P27",1,"case-lea-streptokokken","refute",1,"anthropomorphic",2,"B",2,"A",5,3,1,4620,2234,0,"/audio/case-lea-streptokokken/anthropomorphic/A.mp3","25–34","divers",7,2
"P27",1,"case-tomas-blase","confirm",1,"anthropomorphic",3,"B",5,"B",7,2,0,3512,1752,0,"/audio/case-tomas-blase/anthropomorphic/B.mp3","25–34","divers",7,2
"P27",1,"case-paul-ekzem","confirm",1,"anthropomorphic",4,"A",4,"A",6,2,0,3046,1174,0,"/audio/case-paul-ekzem/anthropomorphic/A.mp3","25–34","divers",7,2
"P27",1,"case-anna-erkaeltung","confirm",2,"machine",1,"B",3,"B",5,2,0,4279,1653,0,"/audio/case-anna-erkaeltung/machine/B.mp3","25–34","divers",7,2
"P27",1,"case-helga-alterswarzen","refute",2,"machine",2,"B",5,"A",3,-2,1,2499,2934,0,"/audio/case-helga-alterswarzen/machine/A.mp3","25–34","divers",7,2
"P27",1,"case-daniel-belastungsreaktion","refute",2,"machine",3,"A",5,"A",3,-2,0,6917,2070,0,"/audio/case-daniel-belastungsreaktion/machine/B.mp3","25–34","divers",7,2
"P27",1,"case-sophie-lungenentzuendung","confirm",2,"machine",4,"B",3,"B",5,2,0,3422,6343,0,"/audio/case-sophie-lungenentzuendung/machine/B.mp3","25–34","divers",7,2
"P28",1,"case-jonas-trommelfellriss","confirm",1,"anthropomorphic",1,"C",5,"C",6,1,0,11113,2660,0,"/audio/case-jonas-trommelfellriss/anthropomorphic/C.mp3","25–34","männlich",5,5
"P28",1,"case-sophie-lungenentzuendung","refute",1,"anthropomorphic",2,"A",5,"C",6,1,1,5587,1749,0,"/audio/case-sophie-lungenentzuendung/anthropomorphic/C.mp3","25–34","männlich",5,5
"P28",1,"case-anna-erkaeltung","confirm",1,"anthropomorphic",3,"B",4,"B",6,2,0,4204,3444,0,"/audio/case-anna-erkaeltung/anthropomorphic/B.mp3","25–34","männlich",5,5
"P28",1,"case-nina-bindehaut","refute",1,"anthropomorphic",4,"A",4,"C",5,1,1,7177,4477,0,"/audio/case-nina-bindehaut/anthropomorphic/C.mp3","25–34","männlich",5,5
"P28",1,"case-tomas-blase","confirm",2,"machine",1,"A",5,"A",5,0,0,3917,1517,0,"/audio/case-tomas-blase/machine/A.mp3","25–34","männlich",5,5
"P28",1,"case-paul-ekzem","confirm",2,"machine",2,"A",5,"A",6,1,0,5785,1835,0,"/audio/case-paul-ekzem/machine/A.mp3","25–34","männlich",5,5
"P28",1,"case-tim-karies","refute",2,"machine",3,"B",4,"C",5,1,1,6731,2246,0,"/audio/case-tim-karies/machine/C.mp3","25–34","männlich",5,5
"P28",1,"case-markus-bandscheibe","refute",2,"machine",4,"B",4,"A",4,0,1,3088,4223,0,"/audio/case-markus-bandscheibe/machine/A.mp3","25–34","männlich",5,5
"P29",1,"case-paul-ekzem","confirm",1,"anthropomorphic",1,"B",4,"B",7,3,0,1150,2457,0,"/audio/case-paul-ekzem/anthropomorphic/B.mp3","55+","weiblich",2,2
"P29",1,"case-tomas-blase","refute",1,"anthropomorphic",2,"B",7,"B",7,0,0,2036,4852,0,"/audio/case-tomas-blase/anthropomorphic/C.mp3","55+","weiblich",2,2
"P29",1,"case-tomas-blase","refute",1,"anthropomorphic",2,"B",7,"B",6,-1,0,2036,4852,0,"/audio/case-tomas-blase/anthropomorphic/C.mp3","55+","weiblich",2,2
"P29",1,"case-daniel-belastungsreaktion","confirm",1,"anthropomorphic",3,"A",5,"A",7,2,0,6013,2422,0,"/audio/case-daniel-belastungsreaktion/anthropomorphic/A.mp3","55+","weiblich",2,2
"P29",1,"case-daniel-belastungsreaktion","confirm",1,"anthropomorphic",3,"A",7,"A",7,0,0,2800,6000,0,"/audio/case-daniel-belastungsreaktion/anthropomorphic/A.mp3","55+","weiblich",2,2
"P29",1,"case-tim-karies","refute",1,"anthropomorphic",4,"B",4,"B",5,1,0,11549,3932,0,"/audio/case-tim-karies/anthropomorphic/C.mp3","55+","weiblich",2,2
"P29",1,"case-tim-karies","refute",1,"anthropomorphic",4,"B",4,"B",4,0,0,11549,3932,0,"/audio/case-tim-karies/anthropomorphic/C.mp3","55+","weiblich",2,2
"P29",1,"case-nina-bindehaut","confirm",2,"machine",1,"A",4,"A",6,2,0,10656,2354,0,"/audio/case-nina-bindehaut/machine/A.mp3","55+","weiblich",2,2
"P29",1,"case-nina-bindehaut","confirm",2,"machine",1,"A",6,"A",6,0,0,3312,2096,0,"/audio/case-nina-bindehaut/machine/A.mp3","55+","weiblich",2,2
"P29",1,"case-nina-bindehaut","confirm",2,"machine",1,"A",6,"A",6,0,0,2062,1552,0,"/audio/case-nina-bindehaut/machine/A.mp3","55+","weiblich",2,2
"P29",1,"case-lea-streptokokken","refute",2,"machine",2,"A",6,"A",6,0,0,42308,1750,0,"/audio/case-lea-streptokokken/machine/C.mp3","55+","weiblich",2,2
"P29",1,"case-lea-streptokokken","refute",2,"machine",2,"A",6,"A",5,-1,0,42308,1750,0,"/audio/case-lea-streptokokken/machine/C.mp3","55+","weiblich",2,2
"P29",1,"case-lea-streptokokken","refute",2,"machine",2,"A",6,"A",6,0,0,42308,1750,0,"/audio/case-lea-streptokokken/machine/C.mp3","55+","weiblich",2,2
"P29",1,"case-lea-streptokokken","refute",2,"machine",2,"A",6,"A",6,0,0,1186,2562,0,"/audio/case-lea-streptokokken/machine/C.mp3","55+","weiblich",2,2
"P29",1,"case-sophie-lungenentzuendung","confirm",2,"machine",3,"C",5,"C",6,1,0,1374,2144,0,"/audio/case-sophie-lungenentzuendung/machine/C.mp3","55+","weiblich",2,2
"P29",1,"case-sophie-lungenentzuendung","confirm",2,"machine",3,"C",5,"C",6,1,0,1374,2144,0,"/audio/case-sophie-lungenentzuendung/machine/C.mp3","55+","weiblich",2,2
"P29",1,"case-anna-erkaeltung","refute",2,"machine",4,"A",5,"B",6,1,1,5748,5947,0,"/audio/case-anna-erkaeltung/machine/B.mp3","55+","weiblich",2,2
"P29",1,"case-anna-erkaeltung","refute",2,"machine",4,"A",5,"B",5,0,1,5748,5947,0,"/audio/case-anna-erkaeltung/machine/B.mp3","55+","weiblich",2,2
"P30",0,"case-daniel-belastungsreaktion","refute",1,"anthropomorphic",1,"A",3,"A",5,2,0,1274,1190,0,"/audio/case-daniel-belastungsreaktion/anthropomorphic/C.mp3","18–24","männlich",3,6
"P30",0,"case-tomas-blase","refute",1,"anthropomorphic",2,"B",3,"A",5,2,1,1141,1184,0,"/audio/case-tomas-blase/anthropomorphic/C.mp3","18–24","männlich",3,6
"P30",0,"case-jonas-trommelfellriss","confirm",1,"anthropomorphic",3,"B",3,"A",4,1,1,1573,1118,0,"/audio/case-jonas-trommelfellriss/anthropomorphic/B.mp3","18–24","männlich",3,6
"P31",1,"case-paul-ekzem","confirm",1,"machine",1,"A",5,"A",6,1,0,28296,2735,0,"/audio/case-paul-ekzem/machine/A.mp3","18–24","männlich",3,4
"P31",1,"case-tomas-blase","refute",1,"machine",2,"B",6,"B",5,-1,0,5338,6334,0,"/audio/case-tomas-blase/machine/C.mp3","18–24","männlich",3,4
"P31",1,"case-sophie-lungenentzuendung","confirm",1,"machine",3,"A",3,"A",4,1,0,7476,4541,0,"/audio/case-sophie-lungenentzuendung/machine/A.mp3","18–24","männlich",3,4
"P31",1,"case-jonas-trommelfellriss","refute",1,"machine",4,"C",2,"C",2,0,0,12775,3949,0,"/audio/case-jonas-trommelfellriss/machine/B.mp3","18–24","männlich",3,4
"P31",1,"case-markus-bandscheibe","confirm",2,"anthropomorphic",1,"B",3,"B",4,1,0,14229,8448,0,"/audio/case-markus-bandscheibe/anthropomorphic/B.mp3","18–24","männlich",3,4
"P31",1,"case-daniel-belastungsreaktion","refute",2,"anthropomorphic",2,"A",4,"A",3,-1,0,9232,11524,0,"/audio/case-daniel-belastungsreaktion/anthropomorphic/C.mp3","18–24","männlich",3,4
"P31",1,"case-anna-erkaeltung","refute",2,"anthropomorphic",3,"B",5,"B",4,-1,0,4379,3619,0,"/audio/case-anna-erkaeltung/anthropomorphic/C.mp3","18–24","männlich",3,4
"P31",1,"case-martin-bronchitis","confirm",2,"anthropomorphic",4,"A",5,"A",6,1,0,8600,1699,0,"/audio/case-martin-bronchitis/anthropomorphic/A.mp3","18–24","männlich",3,4
"P32",1,"case-sophie-lungenentzuendung","confirm",1,"anthropomorphic",1,"A",5,"A",5,0,0,4280,1706,0,"/audio/case-sophie-lungenentzuendung/anthropomorphic/A.mp3","18–24","weiblich",7,4
"P32",1,"case-daniel-belastungsreaktion","refute",1,"anthropomorphic",2,"A",5,"A",5,0,0,2853,14874,0,"/audio/case-daniel-belastungsreaktion/anthropomorphic/B.mp3","18–24","weiblich",7,4
"P32",1,"case-martin-bronchitis","refute",1,"anthropomorphic",3,"A",5,"B",5,0,1,7297,2607,0,"/audio/case-martin-bronchitis/anthropomorphic/C.mp3","18–24","weiblich",7,4
"P32",1,"case-helga-alterswarzen","confirm",1,"anthropomorphic",4,"B",3,"B",4,1,0,12459,1135,0,"/audio/case-helga-alterswarzen/anthropomorphic/B.mp3","18–24","weiblich",7,4
"P32",1,"case-paul-ekzem","refute",2,"machine",1,"A",5,"A",5,0,0,2366,3267,0,"/audio/case-paul-ekzem/machine/B.mp3","18–24","weiblich",7,4
"P32",1,"case-nina-bindehaut","confirm",2,"machine",2,"A",5,"A",5,0,0,5327,2438,0,"/audio/case-nina-bindehaut/machine/A.mp3","18–24","weiblich",7,4
"P32",1,"case-tim-karies","refute",2,"machine",3,"B",5,"B",4,-1,0,3320,1964,0,"/audio/case-tim-karies/machine/A.mp3","18–24","weiblich",7,4
"P32",1,"case-anna-erkaeltung","confirm",2,"machine",4,"B",5,"B",5,0,0,2450,1382,0,"/audio/case-anna-erkaeltung/machine/B.mp3","18–24","weiblich",7,4
"P33",1,"case-tim-karies","refute",1,"machine",1,"C",5,"C",4,-1,0,4321,6490,0,"/audio/case-tim-karies/machine/A.mp3","18–24","männlich",4,5
"P33",1,"case-helga-alterswarzen","refute",1,"machine",2,"C",5,"C",3,-2,0,13496,7790,0,"/audio/case-helga-alterswarzen/machine/B.mp3","18–24","männlich",4,5
"P33",1,"case-jonas-trommelfellriss","confirm",1,"machine",3,"B",7,"B",7,0,0,2023,1283,0,"/audio/case-jonas-trommelfellriss/machine/B.mp3","18–24","männlich",4,5
"P33",1,"case-markus-bandscheibe","confirm",1,"machine",4,"A",6,"A",7,1,0,2701,2049,0,"/audio/case-markus-bandscheibe/machine/A.mp3","18–24","männlich",4,5
"P33",1,"case-martin-bronchitis","refute",2,"anthropomorphic",1,"A",5,"C",4,-1,1,3866,7010,0,"/audio/case-martin-bronchitis/anthropomorphic/C.mp3","18–24","männlich",4,5
"P33",1,"case-lea-streptokokken","confirm",2,"anthropomorphic",2,"C",5,"C",5,0,0,5237,1943,0,"/audio/case-lea-streptokokken/anthropomorphic/C.mp3","18–24","männlich",4,5
"P33",1,"case-anna-erkaeltung","confirm",2,"anthropomorphic",3,"A",4,"A",5,1,0,7044,1808,0,"/audio/case-anna-erkaeltung/anthropomorphic/A.mp3","18–24","männlich",4,5
"P33",1,"case-daniel-belastungsreaktion","refute",2,"anthropomorphic",4,"B",6,"B",7,1,0,2132,1586,0,"/audio/case-daniel-belastungsreaktion/anthropomorphic/C.mp3","18–24","männlich",4,5
"P34",1,"case-anna-erkaeltung","confirm",1,"machine",1,"A",4,"A",5,1,0,6279,3242,0,"/audio/case-anna-erkaeltung/machine/A.mp3","45–54","weiblich",1,3
"P34",1,"case-lea-streptokokken","refute",1,"machine",2,"A",4,"B",4,0,1,5436,5532,0,"/audio/case-lea-streptokokken/machine/B.mp3","45–54","weiblich",1,3
"P34",1,"case-paul-ekzem","refute",1,"machine",3,"A",4,"B",4,0,1,5053,1546,0,"/audio/case-paul-ekzem/machine/B.mp3","45–54","weiblich",1,3
"P34",1,"case-tim-karies","confirm",1,"machine",4,"B",5,"B",5,0,0,4790,1658,0,"/audio/case-tim-karies/machine/B.mp3","45–54","weiblich",1,3
"P34",1,"case-martin-bronchitis","refute",2,"anthropomorphic",1,"A",4,"C",4,0,1,5537,2487,0,"/audio/case-martin-bronchitis/anthropomorphic/C.mp3","45–54","weiblich",1,3
"P34",1,"case-tomas-blase","confirm",2,"anthropomorphic",2,"B",4,"B",5,1,0,7862,1709,0,"/audio/case-tomas-blase/anthropomorphic/B.mp3","45–54","weiblich",1,3
"P34",1,"case-helga-alterswarzen","confirm",2,"anthropomorphic",3,"C",3,"C",3,0,0,13714,1918,0,"/audio/case-helga-alterswarzen/anthropomorphic/C.mp3","45–54","weiblich",1,3
"P34",1,"case-markus-bandscheibe","refute",2,"anthropomorphic",4,"A",3,"B",3,0,1,2920,2516,0,"/audio/case-markus-bandscheibe/anthropomorphic/B.mp3","45–54","weiblich",1,3
"P35",1,"case-anna-erkaeltung","confirm",1,"anthropomorphic",1,"B",5,"B",6,1,0,13799,2267,0,"/audio/case-anna-erkaeltung/anthropomorphic/B.mp3","18–24","männlich",2,4
"P35",1,"case-tomas-blase","refute",1,"anthropomorphic",2,"B",7,"B",7,0,0,5326,6048,0,"/audio/case-tomas-blase/anthropomorphic/C.mp3","18–24","männlich",2,4
"P35",1,"case-tim-karies","refute",1,"anthropomorphic",3,"A",5,"C",5,0,1,10417,2132,0,"/audio/case-tim-karies/anthropomorphic/C.mp3","18–24","männlich",2,4
"P35",1,"case-sophie-lungenentzuendung","confirm",1,"anthropomorphic",4,"C",3,"C",4,1,0,20740,3631,0,"/audio/case-sophie-lungenentzuendung/anthropomorphic/C.mp3","18–24","männlich",2,4
"P35",1,"case-nina-bindehaut","confirm",2,"machine",1,"A",5,"A",5,0,0,4562,2461,0,"/audio/case-nina-bindehaut/machine/A.mp3","18–24","männlich",2,4
"P35",1,"case-paul-ekzem","refute",2,"machine",2,"A",5,"A",6,1,0,3629,37050,0,"/audio/case-paul-ekzem/machine/B.mp3","18–24","männlich",2,4
"P35",1,"case-martin-bronchitis","refute",2,"machine",3,"A",6,"A",5,-1,0,2844,26181,0,"/audio/case-martin-bronchitis/machine/B.mp3","18–24","männlich",2,4
"P35",1,"case-helga-alterswarzen","confirm",2,"machine",4,"B",5,"B",6,1,0,3199,1484,0,"/audio/case-helga-alterswarzen/machine/B.mp3","18–24","männlich",2,4
"P36",1,"case-martin-bronchitis","refute",1,"machine",1,"A",4,"A",3,-1,0,13947,12737,0,"/audio/case-martin-bronchitis/machine/B.mp3","18–24","weiblich",2,3
"P36",1,"case-helga-alterswarzen","confirm",1,"machine",2,"A",5,"A",6,1,0,4869,2177,0,"/audio/case-helga-alterswarzen/machine/A.mp3","18–24","weiblich",2,3
"P36",1,"case-jonas-trommelfellriss","refute",1,"machine",3,"B",4,"B",2,-2,0,6404,4985,0,"/audio/case-jonas-trommelfellriss/machine/C.mp3","18–24","weiblich",2,3
"P36",1,"case-lea-streptokokken","confirm",1,"machine",4,"C",3,"C",4,1,0,6770,2328,0,"/audio/case-lea-streptokokken/machine/C.mp3","18–24","weiblich",2,3
"P36",1,"case-markus-bandscheibe","refute",2,"anthropomorphic",1,"B",4,"B",1,-3,0,3827,27826,0,"/audio/case-markus-bandscheibe/anthropomorphic/C.mp3","18–24","weiblich",2,3
"P36",1,"case-nina-bindehaut","confirm",2,"anthropomorphic",2,"A",2,"A",5,3,0,11173,3426,0,"/audio/case-nina-bindehaut/anthropomorphic/A.mp3","18–24","weiblich",2,3
"P36",1,"case-anna-erkaeltung","confirm",2,"anthropomorphic",3,"A",5,"A",5,0,0,7301,2707,0,"/audio/case-anna-erkaeltung/anthropomorphic/A.mp3","18–24","weiblich",2,3
"P36",1,"case-paul-ekzem","refute",2,"anthropomorphic",4,"A",5,"A",4,-1,0,6889,1789,0,"/audio/case-paul-ekzem/anthropomorphic/C.mp3","18–24","weiblich",2,3
"P37",1,"case-tomas-blase","confirm",1,"machine",1,"B",3,"B",7,4,0,3386,2152,0,"/audio/case-tomas-blase/machine/B.mp3","18–24","weiblich",5,2
"P37",1,"case-markus-bandscheibe","refute",1,"machine",2,"A",5,"C",3,-2,1,3933,5485,0,"/audio/case-markus-bandscheibe/machine/C.mp3","18–24","weiblich",5,2
"P37",1,"case-sophie-lungenentzuendung","refute",1,"machine",3,"A",4,"C",7,3,1,3820,2234,0,"/audio/case-sophie-lungenentzuendung/machine/C.mp3","18–24","weiblich",5,2
"P37",1,"case-martin-bronchitis","confirm",1,"machine",4,"A",3,"A",7,4,0,6569,1402,0,"/audio/case-martin-bronchitis/machine/A.mp3","18–24","weiblich",5,2
"P37",1,"case-daniel-belastungsreaktion","confirm",2,"anthropomorphic",1,"B",3,"B",7,4,0,4687,1536,0,"/audio/case-daniel-belastungsreaktion/anthropomorphic/B.mp3","18–24","weiblich",5,2
"P37",1,"case-anna-erkaeltung","refute",2,"anthropomorphic",2,"B",4,"C",7,3,1,3199,4684,0,"/audio/case-anna-erkaeltung/anthropomorphic/C.mp3","18–24","weiblich",5,2
"P37",1,"case-nina-bindehaut","refute",2,"anthropomorphic",3,"A",5,"C",7,2,1,9152,10019,0,"/audio/case-nina-bindehaut/anthropomorphic/C.mp3","18–24","weiblich",5,2
"P37",1,"case-paul-ekzem","confirm",2,"anthropomorphic",4,"A",4,"A",7,3,0,6332,1767,0,"/audio/case-paul-ekzem/anthropomorphic/A.mp3","18–24","weiblich",5,2
"P38",1,"case-lea-streptokokken","confirm",1,"anthropomorphic",1,"B",1,"B",7,6,0,10737,2100,0,"/audio/case-lea-streptokokken/anthropomorphic/B.mp3","18–24","männlich",7,3
"P38",1,"case-jonas-trommelfellriss","refute",1,"anthropomorphic",2,"B",3,"C",7,4,1,3968,1451,0,"/audio/case-jonas-trommelfellriss/anthropomorphic/C.mp3","18–24","männlich",7,3
"P38",1,"case-markus-bandscheibe","refute",1,"anthropomorphic",3,"A",2,"C",7,5,1,5085,1668,0,"/audio/case-markus-bandscheibe/anthropomorphic/C.mp3","18–24","männlich",7,3
"P38",1,"case-sophie-lungenentzuendung","confirm",1,"anthropomorphic",4,"C",2,"C",7,5,0,3637,1847,0,"/audio/case-sophie-lungenentzuendung/anthropomorphic/C.mp3","18–24","männlich",7,3
"P38",1,"case-tomas-blase","refute",2,"machine",1,"A",1,"C",7,6,1,8784,2083,0,"/audio/case-tomas-blase/machine/C.mp3","18–24","männlich",7,3
"P38",1,"case-daniel-belastungsreaktion","confirm",2,"machine",2,"B",1,"B",7,6,0,8969,2217,0,"/audio/case-daniel-belastungsreaktion/machine/B.mp3","18–24","männlich",7,3
"P38",1,"case-nina-bindehaut","confirm",2,"machine",3,"A",2,"A",7,5,0,7170,1270,0,"/audio/case-nina-bindehaut/machine/A.mp3","18–24","männlich",7,3
"P38",1,"case-anna-erkaeltung","refute",2,"machine",4,"C",1,"B",7,6,1,8554,1918,0,"/audio/case-anna-erkaeltung/machine/B.mp3","18–24","männlich",7,3
"P39",1,"case-sophie-lungenentzuendung","refute",1,"machine",1,"B",2,"A",2,0,1,7762,5709,0,"/audio/case-sophie-lungenentzuendung/machine/C.mp3","35–44","weiblich",1,2
"P39",1,"case-anna-erkaeltung","confirm",1,"machine",2,"C",3,"C",3,0,0,2601,2289,0,"/audio/case-anna-erkaeltung/machine/C.mp3","35–44","weiblich",1,2
"P39",1,"case-markus-bandscheibe","confirm",1,"machine",3,"A",4,"A",6,2,0,6039,2120,0,"/audio/case-markus-bandscheibe/machine/A.mp3","35–44","weiblich",1,2
"P39",1,"case-tim-karies","refute",1,"machine",4,"C",1,"A",7,6,1,2629,3770,0,"/audio/case-tim-karies/machine/A.mp3","35–44","weiblich",1,2
"P39",1,"case-lea-streptokokken","confirm",2,"anthropomorphic",1,"A",1,"A",4,3,0,3381,1618,0,"/audio/case-lea-streptokokken/anthropomorphic/A.mp3","35–44","weiblich",1,2
"P39",1,"case-tomas-blase","refute",2,"anthropomorphic",2,"C",2,"B",5,3,1,15828,3542,0,"/audio/case-tomas-blase/anthropomorphic/A.mp3","35–44","weiblich",1,2
"P39",1,"case-helga-alterswarzen","confirm",2,"anthropomorphic",3,"B",1,"B",1,0,0,3928,1766,0,"/audio/case-helga-alterswarzen/anthropomorphic/B.mp3","35–44","weiblich",1,2
"P39",1,"case-daniel-belastungsreaktion","refute",2,"anthropomorphic",4,"A",1,"B",3,2,1,2931,6356,0,"/audio/case-daniel-belastungsreaktion/anthropomorphic/B.mp3","35–44","weiblich",1,2
"P40",1,"case-daniel-belastungsreaktion","confirm",1,"machine",1,"A",6,"A",6,0,0,5560,2581,0,"/audio/case-daniel-belastungsreaktion/machine/A.mp3","25–34","männlich",3,1
"P40",1,"case-paul-ekzem","refute",1,"machine",2,"A",5,"A",4,-1,0,5762,4715,0,"/audio/case-paul-ekzem/machine/C.mp3","25–34","männlich",3,1
"P40",1,"case-helga-alterswarzen","confirm",1,"machine",3,"A",3,"A",3,0,0,6525,1300,0,"/audio/case-helga-alterswarzen/machine/A.mp3","25–34","männlich",3,1
"P40",1,"case-martin-bronchitis","refute",1,"machine",4,"A",4,"A",4,0,0,4770,1067,0,"/audio/case-martin-bronchitis/machine/B.mp3","25–34","männlich",3,1
"P40",1,"case-lea-streptokokken","refute",2,"anthropomorphic",1,"A",1,"C",1,0,1,6355,4924,0,"/audio/case-lea-streptokokken/anthropomorphic/C.mp3","25–34","männlich",3,1
"P40",1,"case-sophie-lungenentzuendung","refute",2,"anthropomorphic",2,"C",1,"A",1,0,1,2764,7397,0,"/audio/case-sophie-lungenentzuendung/anthropomorphic/A.mp3","25–34","männlich",3,1
"P40",1,"case-nina-bindehaut","confirm",2,"anthropomorphic",3,"C",2,"C",2,0,0,3486,1888,0,"/audio/case-nina-bindehaut/anthropomorphic/C.mp3","25–34","männlich",3,1
"P40",1,"case-anna-erkaeltung","confirm",2,"anthropomorphic",4,"A",2,"A",2,0,0,2911,1354,0,"/audio/case-anna-erkaeltung/anthropomorphic/A.mp3","25–34","männlich",3,1
"P41",1,"case-daniel-belastungsreaktion","refute",1,"machine",1,"A",5,"A",5,0,0,2718,2049,0,"/audio/case-daniel-belastungsreaktion/machine/B.mp3","18–24","männlich",4,4
"P41",1,"case-markus-bandscheibe","confirm",1,"machine",2,"A",7,"A",7,0,0,2549,2052,0,"/audio/case-markus-bandscheibe/machine/A.mp3","18–24","männlich",4,4
"P41",1,"case-paul-ekzem","refute",1,"machine",3,"C",5,"B",4,-1,1,3586,2015,0,"/audio/case-paul-ekzem/machine/B.mp3","18–24","männlich",4,4
"P41",1,"case-martin-bronchitis","confirm",1,"machine",4,"A",4,"A",7,3,0,2151,2601,0,"/audio/case-martin-bronchitis/machine/A.mp3","18–24","männlich",4,4
"P41",1,"case-helga-alterswarzen","refute",2,"anthropomorphic",1,"B",4,"B",4,0,0,2985,2018,0,"/audio/case-helga-alterswarzen/anthropomorphic/A.mp3","18–24","männlich",4,4
"P41",1,"case-tomas-blase","confirm",2,"anthropomorphic",2,"A",7,"A",7,0,0,2550,1785,0,"/audio/case-tomas-blase/anthropomorphic/A.mp3","18–24","männlich",4,4
"P41",1,"case-sophie-lungenentzuendung","refute",2,"anthropomorphic",3,"A",7,"C",5,-2,1,2082,2085,0,"/audio/case-sophie-lungenentzuendung/anthropomorphic/C.mp3","18–24","männlich",4,4
"P41",1,"case-jonas-trommelfellriss","confirm",2,"anthropomorphic",4,"B",7,"B",7,0,0,1571,1434,0,"/audio/case-jonas-trommelfellriss/anthropomorphic/B.mp3","18–24","männlich",4,4
"P42",1,"case-helga-alterswarzen","refute",1,"anthropomorphic",1,"B",6,"B",6,0,0,2150,2316,0,"/audio/case-helga-alterswarzen/anthropomorphic/C.mp3","18–24","männlich",3,3
"P42",1,"case-jonas-trommelfellriss","confirm",1,"anthropomorphic",2,"A",6,"A",7,1,0,2016,1832,0,"/audio/case-jonas-trommelfellriss/anthropomorphic/A.mp3","18–24","männlich",3,3
"P42",1,"case-paul-ekzem","confirm",1,"anthropomorphic",3,"B",5,"B",6,1,0,4611,1617,0,"/audio/case-paul-ekzem/anthropomorphic/B.mp3","18–24","männlich",3,3
"P42",1,"case-lea-streptokokken","refute",1,"anthropomorphic",4,"A",5,"A",5,0,0,3680,4462,0,"/audio/case-lea-streptokokken/anthropomorphic/C.mp3","18–24","männlich",3,3
"P42",1,"case-sophie-lungenentzuendung","confirm",2,"machine",1,"A",6,"A",6,0,0,4394,2400,0,"/audio/case-sophie-lungenentzuendung/machine/A.mp3","18–24","männlich",3,3
"P42",1,"case-tim-karies","confirm",2,"machine",2,"B",5,"B",6,1,0,7207,1962,0,"/audio/case-tim-karies/machine/B.mp3","18–24","männlich",3,3
"P42",1,"case-anna-erkaeltung","refute",2,"machine",3,"B",7,"B",7,0,0,1734,1834,0,"/audio/case-anna-erkaeltung/machine/C.mp3","18–24","männlich",3,3
"P42",1,"case-nina-bindehaut","refute",2,"machine",4,"A",5,"C",5,0,1,14063,7839,0,"/audio/case-nina-bindehaut/machine/C.mp3","18–24","männlich",3,3
"P43",1,"case-anna-erkaeltung","confirm",1,"machine",1,"B",4,"B",6,2,0,24111,2667,0,"/audio/case-anna-erkaeltung/machine/B.mp3","18–24","weiblich",1,7
"P43",1,"case-tomas-blase","confirm",1,"machine",2,"B",3,"B",4,1,0,11336,2208,0,"/audio/case-tomas-blase/machine/B.mp3","18–24","weiblich",1,7
"P43",1,"case-lea-streptokokken","refute",1,"machine",3,"A",4,"A",4,0,0,3965,1684,0,"/audio/case-lea-streptokokken/machine/B.mp3","18–24","weiblich",1,7
"P43",1,"case-helga-alterswarzen","refute",1,"machine",4,"A",4,"A",3,-1,0,4119,4024,0,"/audio/case-helga-alterswarzen/machine/B.mp3","18–24","weiblich",1,7
"P43",1,"case-markus-bandscheibe","confirm",2,"anthropomorphic",1,"A",3,"A",4,1,0,4556,1940,0,"/audio/case-markus-bandscheibe/anthropomorphic/A.mp3","18–24","weiblich",1,7
"P43",1,"case-tim-karies","confirm",2,"anthropomorphic",2,"B",4,"B",5,1,0,2954,1458,0,"/audio/case-tim-karies/anthropomorphic/B.mp3","18–24","weiblich",1,7
"P43",1,"case-daniel-belastungsreaktion","refute",2,"anthropomorphic",3,"B",5,"B",4,-1,0,3687,1275,0,"/audio/case-daniel-belastungsreaktion/anthropomorphic/C.mp3","18–24","weiblich",1,7
"P43",1,"case-nina-bindehaut","refute",2,"anthropomorphic",4,"A",3,"A",3,0,0,5092,5219,0,"/audio/case-nina-bindehaut/anthropomorphic/C.mp3","18–24","weiblich",1,7
"P44",1,"case-jonas-trommelfellriss","refute",1,"anthropomorphic",1,"C",5,"B",4,-1,1,8416,5883,0,"/audio/case-jonas-trommelfellriss/anthropomorphic/B.mp3","18–24","männlich",2,1
"P44",1,"case-nina-bindehaut","confirm",1,"anthropomorphic",2,"A",7,"A",7,0,0,6394,3034,0,"/audio/case-nina-bindehaut/anthropomorphic/A.mp3","18–24","männlich",2,1
"P44",1,"case-helga-alterswarzen","confirm",1,"anthropomorphic",3,"B",6,"B",6,0,0,11499,1691,0,"/audio/case-helga-alterswarzen/anthropomorphic/B.mp3","18–24","männlich",2,1
"P44",1,"case-tim-karies","refute",1,"anthropomorphic",4,"B",7,"B",7,0,0,16001,2323,0,"/audio/case-tim-karies/anthropomorphic/C.mp3","18–24","männlich",2,1
"P44",1,"case-tomas-blase","refute",2,"machine",1,"B",6,"B",6,0,0,6333,5536,0,"/audio/case-tomas-blase/machine/A.mp3","18–24","männlich",2,1
"P44",1,"case-anna-erkaeltung","refute",2,"machine",2,"B",6,"B",7,1,0,3546,3581,0,"/audio/case-anna-erkaeltung/machine/A.mp3","18–24","männlich",2,1
"P44",1,"case-sophie-lungenentzuendung","confirm",2,"machine",3,"B",5,"B",5,0,0,5668,2470,0,"/audio/case-sophie-lungenentzuendung/machine/B.mp3","18–24","männlich",2,1
"P44",1,"case-martin-bronchitis","confirm",2,"machine",4,"A",4,"A",4,0,0,5884,1247,0,"/audio/case-martin-bronchitis/machine/A.mp3","18–24","männlich",2,1
"P45",1,"case-helga-alterswarzen","confirm",1,"machine",1,"B",1,"B",3,2,0,4937,2121,0,"/audio/case-helga-alterswarzen/machine/B.mp3","18–24","männlich",1,4
"P45",1,"case-tim-karies","refute",1,"machine",2,"C",1,"C",2,1,0,4162,2736,0,"/audio/case-tim-karies/machine/A.mp3","18–24","männlich",1,4
"P45",1,"case-jonas-trommelfellriss","confirm",1,"machine",3,"C",5,"C",6,1,0,6129,1786,0,"/audio/case-jonas-trommelfellriss/machine/C.mp3","18–24","männlich",1,4
"P45",1,"case-lea-streptokokken","refute",1,"machine",4,"A",1,"A",1,0,0,6506,1575,0,"/audio/case-lea-streptokokken/machine/C.mp3","18–24","männlich",1,4
"P45",1,"case-anna-erkaeltung","refute",2,"anthropomorphic",1,"A",2,"A",1,-1,0,6456,3054,0,"/audio/case-anna-erkaeltung/anthropomorphic/B.mp3","18–24","männlich",1,4
"P45",1,"case-daniel-belastungsreaktion","confirm",2,"anthropomorphic",2,"B",4,"B",4,0,0,5778,1425,0,"/audio/case-daniel-belastungsreaktion/anthropomorphic/B.mp3","18–24","männlich",1,4
"P45",1,"case-nina-bindehaut","confirm",2,"anthropomorphic",3,"A",1,"A",1,0,0,11671,14749,0,"/audio/case-nina-bindehaut/anthropomorphic/A.mp3","18–24","männlich",1,4
"P45",1,"case-tomas-blase","refute",2,"anthropomorphic",4,"A",1,"A",1,0,0,3075,1274,0,"/audio/case-tomas-blase/anthropomorphic/C.mp3","18–24","männlich",1,4
"P46",1,"case-tomas-blase","refute",1,"machine",1,"B",4,"C",7,3,1,5410,4054,0,"/audio/case-tomas-blase/machine/C.mp3","18–24","männlich",7,7
"P46",1,"case-jonas-trommelfellriss","confirm",1,"machine",2,"B",5,"B",7,2,0,8242,1998,0,"/audio/case-jonas-trommelfellriss/machine/B.mp3","18–24","männlich",7,7
"P46",1,"case-sophie-lungenentzuendung","confirm",1,"machine",3,"C",6,"B",5,-1,1,15144,4604,0,"/audio/case-sophie-lungenentzuendung/machine/C.mp3","18–24","männlich",7,7
"P46",1,"case-daniel-belastungsreaktion","refute",1,"machine",4,"B",5,"B",5,0,0,3389,2290,0,"/audio/case-daniel-belastungsreaktion/machine/A.mp3","18–24","männlich",7,7
"P46",1,"case-tim-karies","refute",2,"anthropomorphic",1,"C",6,"B",7,1,1,3207,3400,0,"/audio/case-tim-karies/anthropomorphic/B.mp3","18–24","männlich",7,7
"P46",1,"case-nina-bindehaut","confirm",2,"anthropomorphic",2,"A",5,"A",7,2,0,6184,1621,0,"/audio/case-nina-bindehaut/anthropomorphic/A.mp3","18–24","männlich",7,7
"P46",1,"case-paul-ekzem","refute",2,"anthropomorphic",3,"B",3,"B",3,0,0,3284,2476,0,"/audio/case-paul-ekzem/anthropomorphic/A.mp3","18–24","männlich",7,7
"P46",1,"case-markus-bandscheibe","confirm",2,"anthropomorphic",4,"B",3,"B",7,4,0,4098,1534,0,"/audio/case-markus-bandscheibe/anthropomorphic/B.mp3","18–24","männlich",7,7
"P47",1,"case-tomas-blase","confirm",1,"machine",1,"A",6,"A",7,1,0,4710,1438,0,"/audio/case-tomas-blase/machine/A.mp3","35–44","weiblich",3,5
"P47",1,"case-tomas-blase","confirm",1,"machine",1,"A",7,"A",7,0,0,1773,1649,0,"/audio/case-tomas-blase/machine/A.mp3","35–44","weiblich",3,5
"P47",1,"case-tomas-blase","confirm",1,"machine",1,"A",7,"A",7,0,0,2060,1180,0,"/audio/case-tomas-blase/machine/A.mp3","35–44","weiblich",3,5
"P47",1,"case-jonas-trommelfellriss","refute",1,"machine",2,"C",7,"B",5,-2,1,2170,2336,0,"/audio/case-jonas-trommelfellriss/machine/B.mp3","35–44","weiblich",3,5
"P47",1,"case-tim-karies","confirm",1,"machine",3,"B",6,"B",6,0,0,3867,1469,0,"/audio/case-tim-karies/machine/B.mp3","35–44","weiblich",3,5
"P47",1,"case-helga-alterswarzen","refute",1,"machine",4,"A",7,"A",6,-1,0,3094,2315,0,"/audio/case-helga-alterswarzen/machine/B.mp3","35–44","weiblich",3,5
"P47",1,"case-martin-bronchitis","confirm",2,"anthropomorphic",1,"A",7,"A",7,0,0,3140,3045,0,"/audio/case-martin-bronchitis/anthropomorphic/A.mp3","35–44","weiblich",3,5
"P47",1,"case-lea-streptokokken","refute",2,"anthropomorphic",2,"C",7,"C",7,0,0,4159,2381,0,"/audio/case-lea-streptokokken/anthropomorphic/B.mp3","35–44","weiblich",3,5
"P47",1,"case-markus-bandscheibe","confirm",2,"anthropomorphic",3,"A",7,"A",7,0,0,3226,1470,0,"/audio/case-markus-bandscheibe/anthropomorphic/A.mp3","35–44","weiblich",3,5
"P47",1,"case-nina-bindehaut","refute",2,"anthropomorphic",4,"A",7,"A",7,0,0,5089,1633,0,"/audio/case-nina-bindehaut/anthropomorphic/B.mp3","35–44","weiblich",3,5
"P48",1,"case-lea-streptokokken","confirm",1,"anthropomorphic",1,"A",3,"A",3,0,0,5410,3909,0,"/audio/case-lea-streptokokken/anthropomorphic/A.mp3","18–24","weiblich",2,4
"P48",1,"case-tim-karies","refute",1,"anthropomorphic",2,"C",4,"A",3,-1,1,2681,1469,0,"/audio/case-tim-karies/anthropomorphic/A.mp3","18–24","weiblich",2,4
"P48",1,"case-martin-bronchitis","refute",1,"anthropomorphic",3,"B",2,"C",3,1,1,3331,2964,0,"/audio/case-martin-bronchitis/anthropomorphic/C.mp3","18–24","weiblich",2,4
"P48",1,"case-paul-ekzem","confirm",1,"anthropomorphic",4,"A",4,"A",4,0,0,2028,1919,1,"/audio/case-paul-ekzem/anthropomorphic/A.mp3","18–24","weiblich",2,4
"P48",1,"case-tomas-blase","refute",2,"machine",1,"A",5,"B",5,0,1,1594,2750,0,"/audio/case-tomas-blase/machine/B.mp3","18–24","weiblich",2,4
"P48",1,"case-tomas-blase","refute",2,"machine",1,"A",5,"B",6,1,1,1594,2750,0,"/audio/case-tomas-blase/machine/B.mp3","18–24","weiblich",2,4
"P48",1,"case-sophie-lungenentzuendung","confirm",2,"machine",2,"C",6,"C",6,0,0,2364,1868,0,"/audio/case-sophie-lungenentzuendung/machine/C.mp3","18–24","weiblich",2,4
"P48",1,"case-daniel-belastungsreaktion","refute",2,"machine",3,"A",5,"B",4,-1,1,4179,10500,0,"/audio/case-daniel-belastungsreaktion/machine/C.mp3","18–24","weiblich",2,4
"P48",1,"case-anna-erkaeltung","confirm",2,"machine",4,"C",3,"B",6,3,1,3513,5232,0,"/audio/case-anna-erkaeltung/machine/C.mp3","18–24","weiblich",2,4
"P49",1,"case-nina-bindehaut","refute",1,"anthropomorphic",1,"A",3,"A",3,0,0,2817,4368,0,"/audio/case-nina-bindehaut/anthropomorphic/C.mp3","18–24","männlich",5,3
"P49",1,"case-paul-ekzem","confirm",1,"anthropomorphic",2,"C",1,"C",2,1,0,3451,2135,0,"/audio/case-paul-ekzem/anthropomorphic/C.mp3","18–24","männlich",5,3
"P49",1,"case-helga-alterswarzen","refute",1,"anthropomorphic",3,"B",2,"C",3,1,1,3104,3052,0,"/audio/case-helga-alterswarzen/anthropomorphic/C.mp3","18–24","männlich",5,3
"P49",1,"case-lea-streptokokken","confirm",1,"anthropomorphic",4,"A",5,"A",6,1,0,3188,1785,0,"/audio/case-lea-streptokokken/anthropomorphic/A.mp3","18–24","männlich",5,3
"P49",1,"case-markus-bandscheibe","confirm",2,"machine",1,"B",3,"B",4,1,0,3833,2783,0,"/audio/case-markus-bandscheibe/machine/B.mp3","18–24","männlich",5,3
"P49",1,"case-sophie-lungenentzuendung","confirm",2,"machine",2,"A",6,"A",6,0,0,3036,1818,0,"/audio/case-sophie-lungenentzuendung/machine/A.mp3","18–24","männlich",5,3
"P49",1,"case-jonas-trommelfellriss","refute",2,"machine",3,"B",3,"C",2,-1,1,2634,1416,0,"/audio/case-jonas-trommelfellriss/machine/C.mp3","18–24","männlich",5,3
"P49",1,"case-daniel-belastungsreaktion","refute",2,"machine",4,"A",4,"A",2,-2,0,2502,6868,0,"/audio/case-daniel-belastungsreaktion/machine/B.mp3","18–24","männlich",5,3
"P50",1,"case-nina-bindehaut","refute",1,"machine",1,"A",3,"B",4,1,1,7892,1374,0,"/audio/case-nina-bindehaut/machine/B.mp3","25–34","weiblich",1,1
"P50",1,"case-helga-alterswarzen","confirm",1,"machine",2,"A",3,"A",4,1,0,21288,1836,0,"/audio/case-helga-alterswarzen/machine/A.mp3","25–34","weiblich",1,1
"P50",1,"case-markus-bandscheibe","refute",1,"machine",3,"B",1,"C",3,2,1,12959,2426,0,"/audio/case-markus-bandscheibe/machine/C.mp3","25–34","weiblich",1,1
"P50",1,"case-tomas-blase","confirm",1,"machine",4,"B",3,"B",4,1,0,5352,1635,0,"/audio/case-tomas-blase/machine/B.mp3","25–34","weiblich",1,1
"P50",1,"case-tim-karies","confirm",2,"anthropomorphic",1,"B",1,"B",2,1,0,4150,1542,0,"/audio/case-tim-karies/anthropomorphic/B.mp3","25–34","weiblich",1,1
"P50",1,"case-sophie-lungenentzuendung","refute",2,"anthropomorphic",2,"A",2,"B",2,0,1,3675,2291,0,"/audio/case-sophie-lungenentzuendung/anthropomorphic/B.mp3","25–34","weiblich",1,1
"P50",1,"case-anna-erkaeltung","confirm",2,"anthropomorphic",3,"B",2,"B",3,1,0,2773,1705,0,"/audio/case-anna-erkaeltung/anthropomorphic/B.mp3","25–34","weiblich",1,1
"P50",1,"case-daniel-belastungsreaktion","refute",2,"anthropomorphic",4,"A",2,"C",1,-1,1,4667,5817,0,"/audio/case-daniel-belastungsreaktion/anthropomorphic/C.mp3","25–34","weiblich",1,1
"P51",1,"case-lea-streptokokken","refute",1,"anthropomorphic",1,"A",5,"A",6,1,0,12233,3018,0,"/audio/case-lea-streptokokken/anthropomorphic/B.mp3","18–24","männlich",2,6
"P51",1,"case-helga-alterswarzen","confirm",1,"anthropomorphic",2,"C",5,"C",6,1,0,13701,2832,0,"/audio/case-helga-alterswarzen/anthropomorphic/C.mp3","18–24","männlich",2,6
"P51",1,"case-daniel-belastungsreaktion","refute",1,"anthropomorphic",3,"A",6,"A",6,0,0,10167,21198,0,"/audio/case-daniel-belastungsreaktion/anthropomorphic/B.mp3","18–24","männlich",2,6
"P51",1,"case-paul-ekzem","confirm",1,"anthropomorphic",4,"B",2,"B",5,3,0,16016,1865,0,"/audio/case-paul-ekzem/anthropomorphic/B.mp3","18–24","männlich",2,6
"P51",1,"case-jonas-trommelfellriss","confirm",2,"machine",1,"B",6,"B",6,0,0,3651,7668,0,"/audio/case-jonas-trommelfellriss/machine/B.mp3","18–24","männlich",2,6
"P51",1,"case-jonas-trommelfellriss","confirm",2,"machine",1,"B",6,"B",6,0,0,1898,1464,0,"/audio/case-jonas-trommelfellriss/machine/B.mp3","18–24","männlich",2,6
"P51",1,"case-anna-erkaeltung","confirm",2,"machine",2,"B",5,"B",5,0,0,2119,1204,0,"/audio/case-anna-erkaeltung/machine/B.mp3","18–24","männlich",2,6
"P51",1,"case-markus-bandscheibe","refute",2,"machine",3,"A",6,"A",6,0,0,3817,2084,0,"/audio/case-markus-bandscheibe/machine/C.mp3","18–24","männlich",2,6
"P51",1,"case-nina-bindehaut","refute",2,"machine",4,"A",6,"A",6,0,0,4632,2018,0,"/audio/case-nina-bindehaut/machine/C.mp3","18–24","männlich",2,6
"P52",1,"case-daniel-belastungsreaktion","refute",1,"anthropomorphic",1,"B",5,"B",5,0,0,22070,23580,0,"/audio/case-daniel-belastungsreaktion/anthropomorphic/A.mp3","18–24","männlich",1,2
"P52",1,"case-markus-bandscheibe","confirm",1,"anthropomorphic",2,"A",3,"A",4,1,0,20905,3658,0,"/audio/case-markus-bandscheibe/anthropomorphic/A.mp3","18–24","männlich",1,2
"P52",1,"case-helga-alterswarzen","confirm",1,"anthropomorphic",3,"A",4,"A",4,0,0,18008,2547,0,"/audio/case-helga-alterswarzen/anthropomorphic/A.mp3","18–24","männlich",1,2
"P52",1,"case-jonas-trommelfellriss","refute",1,"anthropomorphic",4,"C",4,"C",4,0,0,15567,4220,0,"/audio/case-jonas-trommelfellriss/anthropomorphic/A.mp3","18–24","männlich",1,2
"P52",1,"case-nina-bindehaut","refute",2,"machine",1,"B",3,"B",2,-1,0,28984,6895,0,"/audio/case-nina-bindehaut/machine/C.mp3","18–24","männlich",1,2
"P52",1,"case-martin-bronchitis","confirm",2,"machine",2,"A",6,"A",6,0,0,15743,3289,0,"/audio/case-martin-bronchitis/machine/A.mp3","18–24","männlich",1,2
"P52",1,"case-anna-erkaeltung","refute",2,"machine",3,"A",5,"C",3,-2,1,18526,46284,0,"/audio/case-anna-erkaeltung/machine/C.mp3","18–24","männlich",1,2
"P52",1,"case-sophie-lungenentzuendung","confirm",2,"machine",4,"A",4,"A",4,0,0,13263,2989,0,"/audio/case-sophie-lungenentzuendung/machine/A.mp3","18–24","männlich",1,2
"P53",1,"case-helga-alterswarzen","refute",1,"anthropomorphic",1,"A",4,"A",4,0,0,4652,2201,0,"/audio/case-helga-alterswarzen/anthropomorphic/C.mp3","25–34","männlich",1,2
"P53",1,"case-martin-bronchitis","refute",1,"anthropomorphic",2,"A",5,"A",5,0,0,4858,1792,0,"/audio/case-martin-bronchitis/anthropomorphic/C.mp3","25–34","männlich",1,2
"P53",1,"case-tomas-blase","confirm",1,"anthropomorphic",3,"A",5,"A",5,0,0,12394,1510,0,"/audio/case-tomas-blase/anthropomorphic/A.mp3","25–34","männlich",1,2
"P53",1,"case-tim-karies","confirm",1,"anthropomorphic",4,"C",4,"C",4,0,0,5099,1702,0,"/audio/case-tim-karies/anthropomorphic/C.mp3","25–34","männlich",1,2
"P53",1,"case-paul-ekzem","refute",2,"machine",1,"A",4,"A",4,0,0,7976,2184,0,"/audio/case-paul-ekzem/machine/C.mp3","25–34","männlich",1,2
"P53",1,"case-anna-erkaeltung","confirm",2,"machine",2,"B",7,"B",7,0,0,2781,2084,0,"/audio/case-anna-erkaeltung/machine/B.mp3","25–34","männlich",1,2
"P53",1,"case-jonas-trommelfellriss","confirm",2,"machine",3,"A",3,"A",3,0,0,8266,1999,0,"/audio/case-jonas-trommelfellriss/machine/A.mp3","25–34","männlich",1,2
"P53",1,"case-daniel-belastungsreaktion","refute",2,"machine",4,"B",3,"B",5,2,0,11675,3557,0,"/audio/case-daniel-belastungsreaktion/machine/C.mp3","25–34","männlich",1,2
"P54",1,"case-jonas-trommelfellriss","confirm",1,"anthropomorphic",1,"C",2,"C",4,2,0,6125,2552,0,"/audio/case-jonas-trommelfellriss/anthropomorphic/C.mp3","25–34","männlich",2,1
"P54",1,"case-helga-alterswarzen","confirm",1,"anthropomorphic",2,"A",3,"A",5,2,0,4395,1741,0,"/audio/case-helga-alterswarzen/anthropomorphic/A.mp3","25–34","männlich",2,1
"P54",1,"case-tim-karies","refute",1,"anthropomorphic",3,"A",3,"C",2,-1,1,8232,2608,0,"/audio/case-tim-karies/anthropomorphic/C.mp3","25–34","männlich",2,1
"P54",1,"case-tomas-blase","refute",1,"anthropomorphic",4,"B",1,"C",1,0,1,4173,1452,0,"/audio/case-tomas-blase/anthropomorphic/C.mp3","25–34","männlich",2,1
"P54",1,"case-sophie-lungenentzuendung","refute",2,"machine",1,"A",1,"B",1,0,1,9711,2789,0,"/audio/case-sophie-lungenentzuendung/machine/B.mp3","25–34","männlich",2,1
"P54",1,"case-martin-bronchitis","confirm",2,"machine",2,"B",2,"B",4,2,0,3257,2116,0,"/audio/case-martin-bronchitis/machine/B.mp3","25–34","männlich",2,1
"P54",1,"case-nina-bindehaut","confirm",2,"machine",3,"A",1,"A",3,2,0,5539,1360,0,"/audio/case-nina-bindehaut/machine/A.mp3","25–34","männlich",2,1
"P54",1,"case-markus-bandscheibe","refute",2,"machine",4,"A",2,"B",1,-1,1,3993,2584,0,"/audio/case-markus-bandscheibe/machine/B.mp3","25–34","männlich",2,1
"P55",1,"case-anna-erkaeltung","refute",1,"machine",1,"A",7,"A",7,0,0,7828,11208,0,"/audio/case-anna-erkaeltung/machine/C.mp3","45–54","männlich",3,3
"P55",1,"case-tim-karies","refute",1,"machine",2,"C",5,"B",5,0,1,5008,1727,0,"/audio/case-tim-karies/machine/B.mp3","45–54","männlich",3,3
"P55",1,"case-paul-ekzem","confirm",1,"machine",3,"B",7,"B",7,0,0,12033,1883,0,"/audio/case-paul-ekzem/machine/B.mp3","45–54","männlich",3,3
"P55",1,"case-lea-streptokokken","confirm",1,"machine",4,"A",7,"A",7,0,0,6239,1499,0,"/audio/case-lea-streptokokken/machine/A.mp3","45–54","männlich",3,3
"P55",1,"case-markus-bandscheibe","confirm",2,"anthropomorphic",1,"A",7,"A",7,0,0,4546,1254,0,"/audio/case-markus-bandscheibe/anthropomorphic/A.mp3","45–54","männlich",3,3
"P55",1,"case-jonas-trommelfellriss","refute",2,"anthropomorphic",2,"B",7,"C",6,-1,1,4450,3107,0,"/audio/case-jonas-trommelfellriss/anthropomorphic/C.mp3","45–54","männlich",3,3
"P55",1,"case-daniel-belastungsreaktion","confirm",2,"anthropomorphic",3,"B",7,"B",7,0,0,10571,2334,0,"/audio/case-daniel-belastungsreaktion/anthropomorphic/B.mp3","45–54","männlich",3,3
"P55",1,"case-nina-bindehaut","refute",2,"anthropomorphic",4,"A",4,"C",5,1,1,13529,3358,0,"/audio/case-nina-bindehaut/anthropomorphic/C.mp3","45–54","männlich",3,3
"P56",1,"case-nina-bindehaut","refute",1,"anthropomorphic",1,"A",5,"A",5,0,0,9624,4242,0,"/audio/case-nina-bindehaut/anthropomorphic/C.mp3","18–24","weiblich",1,2
"P56",1,"case-tomas-blase","confirm",1,"anthropomorphic",2,"A",5,"A",7,2,0,26162,1554,0,"/audio/case-tomas-blase/anthropomorphic/A.mp3","18–24","weiblich",1,2
"P56",1,"case-helga-alterswarzen","confirm",1,"anthropomorphic",3,"A",3,"A",5,2,0,5126,3715,0,"/audio/case-helga-alterswarzen/anthropomorphic/A.mp3","18–24","weiblich",1,2
"P56",1,"case-lea-streptokokken","refute",1,"anthropomorphic",4,"A",3,"C",2,-1,1,23925,4235,0,"/audio/case-lea-streptokokken/anthropomorphic/C.mp3","18–24","weiblich",1,2
"P56",1,"case-paul-ekzem","refute",2,"machine",1,"A",2,"A",3,1,0,4867,18742,0,"/audio/case-paul-ekzem/machine/C.mp3","18–24","weiblich",1,2
"P56",1,"case-daniel-belastungsreaktion","refute",2,"machine",2,"B",7,"B",7,0,0,5234,1464,0,"/audio/case-daniel-belastungsreaktion/machine/C.mp3","18–24","weiblich",1,2
"P56",1,"case-markus-bandscheibe","confirm",2,"machine",3,"A",3,"A",5,2,0,3561,1825,0,"/audio/case-markus-bandscheibe/machine/A.mp3","18–24","weiblich",1,2
"P56",1,"case-martin-bronchitis","confirm",2,"machine",4,"A",1,"A",2,1,0,22047,1410,0,"/audio/case-martin-bronchitis/machine/A.mp3","18–24","weiblich",1,2
"P57",1,"case-daniel-belastungsreaktion","refute",1,"machine",1,"A",6,"A",5,-1,0,5735,3453,0,"/audio/case-daniel-belastungsreaktion/machine/B.mp3","25–34","weiblich",4,4
"P57",1,"case-anna-erkaeltung","confirm",1,"machine",2,"A",6,"A",6,0,0,8248,1069,0,"/audio/case-anna-erkaeltung/machine/A.mp3","25–34","weiblich",4,4
"P57",1,"case-lea-streptokokken","confirm",1,"machine",3,"C",6,"C",6,0,0,3984,1588,0,"/audio/case-lea-streptokokken/machine/C.mp3","25–34","weiblich",4,4
"P57",1,"case-jonas-trommelfellriss","refute",1,"machine",4,"B",5,"A",4,-1,1,15535,5471,0,"/audio/case-jonas-trommelfellriss/machine/A.mp3","25–34","weiblich",4,4
"P57",1,"case-markus-bandscheibe","confirm",2,"anthropomorphic",1,"A",4,"A",4,0,0,10743,1402,0,"/audio/case-markus-bandscheibe/anthropomorphic/A.mp3","25–34","weiblich",4,4
"P57",1,"case-nina-bindehaut","refute",2,"anthropomorphic",2,"A",6,"A",5,-1,0,6602,3571,0,"/audio/case-nina-bindehaut/anthropomorphic/C.mp3","25–34","weiblich",4,4
"P57",1,"case-sophie-lungenentzuendung","confirm",2,"anthropomorphic",3,"A",5,"A",5,0,0,3515,1520,0,"/audio/case-sophie-lungenentzuendung/anthropomorphic/A.mp3","25–34","weiblich",4,4
"P57",1,"case-tim-karies","refute",2,"anthropomorphic",4,"C",5,"C",5,0,0,4021,2504,0,"/audio/case-tim-karies/anthropomorphic/A.mp3","25–34","weiblich",4,4
"P58",1,"case-daniel-belastungsreaktion","confirm",1,"machine",1,"A",5,"A",6,1,0,5860,1836,0,"/audio/case-daniel-belastungsreaktion/machine/A.mp3","25–34","männlich",1,7
"P58",1,"case-anna-erkaeltung","refute",1,"machine",2,"B",5,"A",4,-1,1,3218,2210,0,"/audio/case-anna-erkaeltung/machine/A.mp3","25–34","männlich",1,7
"P58",1,"case-paul-ekzem","confirm",1,"machine",3,"A",2,"A",4,2,0,9035,3059,0,"/audio/case-paul-ekzem/machine/A.mp3","25–34","männlich",1,7
"P58",1,"case-sophie-lungenentzuendung","refute",1,"machine",4,"A",5,"B",3,-2,1,2648,2105,0,"/audio/case-sophie-lungenentzuendung/machine/B.mp3","25–34","männlich",1,7
"P58",1,"case-markus-bandscheibe","confirm",2,"anthropomorphic",1,"A",2,"A",4,2,0,7714,1640,0,"/audio/case-markus-bandscheibe/anthropomorphic/A.mp3","25–34","männlich",1,7
"P58",1,"case-jonas-trommelfellriss","confirm",2,"anthropomorphic",2,"A",3,"A",5,2,0,10864,1934,0,"/audio/case-jonas-trommelfellriss/anthropomorphic/A.mp3","25–34","männlich",1,7
"P58",1,"case-tomas-blase","refute",2,"anthropomorphic",3,"A",4,"A",2,-2,0,1644,7943,0,"/audio/case-tomas-blase/anthropomorphic/C.mp3","25–34","männlich",1,7
"P58",1,"case-tim-karies","refute",2,"anthropomorphic",4,"A",3,"C",3,0,1,7282,2329,0,"/audio/case-tim-karies/anthropomorphic/C.mp3","25–34","männlich",1,7
"P59",1,"case-nina-bindehaut","refute",1,"machine",1,"A",3,"B",5,2,1,20415,3757,0,"/audio/case-nina-bindehaut/machine/B.mp3","25–34","männlich",6,2
"P59",1,"case-lea-streptokokken","confirm",1,"machine",2,"C",2,"C",3,1,0,13721,3236,0,"/audio/case-lea-streptokokken/machine/C.mp3","25–34","männlich",6,2
"P59",1,"case-helga-alterswarzen","refute",1,"machine",3,"A",3,"B",1,-2,1,23163,7538,0,"/audio/case-helga-alterswarzen/machine/B.mp3","25–34","männlich",6,2
"P59",1,"case-tomas-blase","confirm",1,"machine",4,"B",6,"B",7,1,0,5915,2687,0,"/audio/case-tomas-blase/machine/B.mp3","25–34","männlich",6,2
"P59",1,"case-paul-ekzem","confirm",2,"anthropomorphic",1,"A",2,"A",4,2,0,8496,3294,0,"/audio/case-paul-ekzem/anthropomorphic/A.mp3","25–34","männlich",6,2
"P59",1,"case-tim-karies","refute",2,"anthropomorphic",2,"A",3,"C",4,1,1,9804,8700,0,"/audio/case-tim-karies/anthropomorphic/C.mp3","25–34","männlich",6,2
"P59",1,"case-markus-bandscheibe","confirm",2,"anthropomorphic",3,"B",2,"B",5,3,0,15226,1289,0,"/audio/case-markus-bandscheibe/anthropomorphic/B.mp3","25–34","männlich",6,2
"P59",1,"case-daniel-belastungsreaktion","refute",2,"anthropomorphic",4,"A",3,"C",2,-1,1,14641,4766,0,"/audio/case-daniel-belastungsreaktion/anthropomorphic/C.mp3","25–34","männlich",6,2
"P60",1,"case-nina-bindehaut","refute",1,"machine",1,"B",4,"A",6,2,1,15024,4352,0,"/audio/case-nina-bindehaut/machine/A.mp3","18–24","männlich",6,5
"P60",1,"case-anna-erkaeltung","confirm",1,"machine",2,"A",3,"A",5,2,0,4613,1870,0,"/audio/case-anna-erkaeltung/machine/A.mp3","18–24","männlich",6,5
"P60",1,"case-tomas-blase","confirm",1,"machine",3,"A",5,"A",6,1,0,4788,1559,0,"/audio/case-tomas-blase/machine/A.mp3","18–24","männlich",6,5
"P60",1,"case-martin-bronchitis","refute",1,"machine",4,"C",5,"A",7,2,1,4227,2185,0,"/audio/case-martin-bronchitis/machine/A.mp3","18–24","männlich",6,5
"P60",1,"case-sophie-lungenentzuendung","confirm",2,"anthropomorphic",1,"B",3,"B",4,1,0,6920,2223,0,"/audio/case-sophie-lungenentzuendung/anthropomorphic/B.mp3","18–24","männlich",6,5
"P60",1,"case-helga-alterswarzen","refute",2,"anthropomorphic",2,"A",5,"C",4,-1,1,4846,2967,0,"/audio/case-helga-alterswarzen/anthropomorphic/C.mp3","18–24","männlich",6,5
"P60",1,"case-tim-karies","confirm",2,"anthropomorphic",3,"C",6,"C",6,0,0,2957,1716,0,"/audio/case-tim-karies/anthropomorphic/C.mp3","18–24","männlich",6,5
"P60",1,"case-daniel-belastungsreaktion","refute",2,"anthropomorphic",4,"A",5,"C",4,-1,1,4112,2367,0,"/audio/case-daniel-belastungsreaktion/anthropomorphic/C.mp3","18–24","männlich",6,5
"P61",1,"case-nina-bindehaut","refute",1,"machine",1,"A",5,"A",4,-1,0,57316,7445,0,"/audio/case-nina-bindehaut/machine/B.mp3","25–34","weiblich",2,3
"P61",1,"case-martin-bronchitis","refute",1,"machine",2,"A",6,"A",5,-1,0,15027,9124,0,"/audio/case-martin-bronchitis/machine/C.mp3","25–34","weiblich",2,3
"P61",1,"case-sophie-lungenentzuendung","confirm",1,"machine",3,"C",7,"C",7,0,0,4702,3586,0,"/audio/case-sophie-lungenentzuendung/machine/C.mp3","25–34","weiblich",2,3
"P61",1,"case-paul-ekzem","confirm",1,"machine",4,"A",5,"A",5,0,0,15349,3469,0,"/audio/case-paul-ekzem/machine/A.mp3","25–34","weiblich",2,3
"P61",1,"case-markus-bandscheibe","confirm",2,"anthropomorphic",1,"A",4,"A",5,1,0,9567,3245,0,"/audio/case-markus-bandscheibe/anthropomorphic/A.mp3","25–34","weiblich",2,3
"P61",1,"case-lea-streptokokken","refute",2,"anthropomorphic",2,"A",4,"A",3,-1,0,11132,5958,0,"/audio/case-lea-streptokokken/anthropomorphic/C.mp3","25–34","weiblich",2,3
"P61",1,"case-jonas-trommelfellriss","refute",2,"anthropomorphic",3,"B",3,"A",2,-1,1,31156,22140,0,"/audio/case-jonas-trommelfellriss/anthropomorphic/A.mp3","25–34","weiblich",2,3
"P61",1,"case-anna-erkaeltung","confirm",2,"anthropomorphic",4,"B",4,"B",5,1,0,11290,2654,0,"/audio/case-anna-erkaeltung/anthropomorphic/B.mp3","25–34","weiblich",2,3
"P62",1,"case-helga-alterswarzen","refute",1,"anthropomorphic",1,"A",5,"C",5,0,1,22278,3967,0,"/audio/case-helga-alterswarzen/anthropomorphic/C.mp3","18–24","weiblich",6,6
"P62",1,"case-daniel-belastungsreaktion","confirm",1,"anthropomorphic",2,"A",6,"A",7,1,0,12620,2434,0,"/audio/case-daniel-belastungsreaktion/anthropomorphic/A.mp3","18–24","weiblich",6,6
"P62",1,"case-anna-erkaeltung","confirm",1,"anthropomorphic",3,"B",6,"B",7,1,0,6180,8382,0,"/audio/case-anna-erkaeltung/anthropomorphic/B.mp3","18–24","weiblich",6,6
"P62",1,"case-nina-bindehaut","refute",1,"anthropomorphic",4,"A",6,"A",6,0,0,15248,2252,0,"/audio/case-nina-bindehaut/anthropomorphic/C.mp3","18–24","weiblich",6,6
"P62",1,"case-jonas-trommelfellriss","confirm",2,"machine",1,"B",4,"B",5,1,0,11846,2358,0,"/audio/case-jonas-trommelfellriss/machine/B.mp3","18–24","weiblich",6,6
"P62",1,"case-tomas-blase","confirm",2,"machine",2,"B",7,"B",7,0,0,3314,2490,0,"/audio/case-tomas-blase/machine/B.mp3","18–24","weiblich",6,6
"P62",1,"case-martin-bronchitis","refute",2,"machine",3,"A",5,"A",4,-1,0,18638,8034,0,"/audio/case-martin-bronchitis/machine/C.mp3","18–24","weiblich",6,6
"P62",1,"case-sophie-lungenentzuendung","refute",2,"machine",4,"A",6,"A",6,0,0,3001,1454,0,"/audio/case-sophie-lungenentzuendung/machine/C.mp3","18–24","weiblich",6,6
"P63",1,"case-daniel-belastungsreaktion","confirm",1,"anthropomorphic",1,"A",5,"A",6,1,0,6461,1917,0,"/audio/case-daniel-belastungsreaktion/anthropomorphic/A.mp3","25–34","divers",4,4
"P63",1,"case-lea-streptokokken","refute",1,"anthropomorphic",2,"A",4,"A",4,0,0,8183,5402,0,"/audio/case-lea-streptokokken/anthropomorphic/C.mp3","25–34","divers",4,4
"P63",1,"case-tim-karies","confirm",1,"anthropomorphic",3,"B",5,"B",6,1,0,4016,2284,0,"/audio/case-tim-karies/anthropomorphic/B.mp3","25–34","divers",4,4
"P63",1,"case-paul-ekzem","refute",1,"anthropomorphic",4,"A",5,"A",4,-1,0,7654,7070,0,"/audio/case-paul-ekzem/anthropomorphic/B.mp3","25–34","divers",4,4
"P63",1,"case-nina-bindehaut","refute",2,"machine",1,"A",4,"A",4,0,0,9814,7585,0,"/audio/case-nina-bindehaut/machine/B.mp3","25–34","divers",4,4
"P63",1,"case-anna-erkaeltung","refute",2,"machine",2,"A",4,"A",4,0,0,8388,1604,0,"/audio/case-anna-erkaeltung/machine/C.mp3","25–34","divers",4,4
"P63",1,"case-martin-bronchitis","confirm",2,"machine",3,"A",5,"A",7,2,0,3114,1189,0,"/audio/case-martin-bronchitis/machine/A.mp3","25–34","divers",4,4
"P63",1,"case-tomas-blase","confirm",2,"machine",4,"B",5,"B",7,2,0,5398,1966,0,"/audio/case-tomas-blase/machine/B.mp3","25–34","divers",4,4
"P64",1,"case-nina-bindehaut","confirm",1,"machine",1,"A",5,"A",6,1,0,12078,2426,0,"/audio/case-nina-bindehaut/machine/A.mp3","55+","männlich",2,3
"P64",1,"case-markus-bandscheibe","confirm",1,"machine",2,"A",4,"A",6,2,0,5025,2569,0,"/audio/case-markus-bandscheibe/machine/A.mp3","55+","männlich",2,3
"P64",1,"case-jonas-trommelfellriss","refute",1,"machine",3,"B",3,"A",5,2,1,13864,2603,0,"/audio/case-jonas-trommelfellriss/machine/A.mp3","55+","männlich",2,3
"P64",1,"case-tomas-blase","refute",1,"machine",4,"B",5,"A",6,1,1,9907,1627,0,"/audio/case-tomas-blase/machine/A.mp3","55+","männlich",2,3
"P64",1,"case-daniel-belastungsreaktion","confirm",2,"anthropomorphic",1,"C",4,"C",6,2,0,10792,2932,0,"/audio/case-daniel-belastungsreaktion/anthropomorphic/C.mp3","55+","männlich",2,3
"P64",1,"case-lea-streptokokken","confirm",2,"anthropomorphic",2,"A",4,"A",6,2,0,8997,2000,0,"/audio/case-lea-streptokokken/anthropomorphic/A.mp3","55+","männlich",2,3
"P64",1,"case-helga-alterswarzen","refute",2,"anthropomorphic",3,"A",5,"C",4,-1,1,8295,2418,0,"/audio/case-helga-alterswarzen/anthropomorphic/C.mp3","55+","männlich",2,3
"P64",1,"case-martin-bronchitis","refute",2,"anthropomorphic",4,"B",4,"A",6,2,1,16892,2043,0,"/audio/case-martin-bronchitis/anthropomorphic/A.mp3","55+","männlich",2,3
"P65",1,"case-lea-streptokokken","confirm",1,"anthropomorphic",1,"A",6,"A",6,0,0,19664,1582,0,"/audio/case-lea-streptokokken/anthropomorphic/A.mp3","45–54","männlich",1,4
"P65",1,"case-tomas-blase","confirm",1,"anthropomorphic",2,"A",6,"A",6,0,0,4526,1536,0,"/audio/case-tomas-blase/anthropomorphic/A.mp3","45–54","männlich",1,4
"P65",1,"case-martin-bronchitis","refute",1,"anthropomorphic",3,"A",5,"A",4,-1,0,12459,17170,0,"/audio/case-martin-bronchitis/anthropomorphic/C.mp3","45–54","männlich",1,4
"P65",1,"case-nina-bindehaut","refute",1,"anthropomorphic",4,"A",4,"B",4,0,1,41329,2525,0,"/audio/case-nina-bindehaut/anthropomorphic/B.mp3","45–54","männlich",1,4
"P65",1,"case-anna-erkaeltung","confirm",2,"machine",1,"B",5,"B",6,1,0,16468,3015,0,"/audio/case-anna-erkaeltung/machine/B.mp3","45–54","männlich",1,4
"P65",1,"case-helga-alterswarzen","confirm",2,"machine",2,"A",4,"A",5,1,0,14789,3918,0,"/audio/case-helga-alterswarzen/machine/A.mp3","45–54","männlich",1,4
"P65",1,"case-markus-bandscheibe","refute",2,"machine",3,"A",6,"A",4,-2,0,2798,8050,0,"/audio/case-markus-bandscheibe/machine/C.mp3","45–54","männlich",1,4
"P65",1,"case-sophie-lungenentzuendung","refute",2,"machine",4,"A",4,"A",4,0,0,6799,3740,0,"/audio/case-sophie-lungenentzuendung/machine/B.mp3","45–54","männlich",1,4
"P66",1,"case-anna-erkaeltung","confirm",1,"machine",1,"B",7,"B",7,0,0,2520,3668,0,"/audio/case-anna-erkaeltung/machine/B.mp3","25–34","männlich",7,7
"P66",1,"case-nina-bindehaut","refute",1,"machine",2,"B",7,"B",7,0,0,3350,2184,0,"/audio/case-nina-bindehaut/machine/C.mp3","25–34","männlich",7,7
"P66",1,"case-jonas-trommelfellriss","refute",1,"machine",3,"B",7,"B",5,-2,0,1450,2725,0,"/audio/case-jonas-trommelfellriss/machine/C.mp3","25–34","männlich",7,7
"P66",1,"case-lea-streptokokken","confirm",1,"machine",4,"C",7,"C",7,0,0,2538,5518,0,"/audio/case-lea-streptokokken/machine/C.mp3","25–34","männlich",7,7
"P66",1,"case-sophie-lungenentzuendung","refute",2,"anthropomorphic",1,"A",7,"A",5,-2,0,2617,5123,0,"/audio/case-sophie-lungenentzuendung/anthropomorphic/B.mp3","25–34","männlich",7,7
"P66",1,"case-markus-bandscheibe","refute",2,"anthropomorphic",2,"A",6,"A",6,0,0,4703,4161,0,"/audio/case-markus-bandscheibe/anthropomorphic/C.mp3","25–34","männlich",7,7
"P66",1,"case-tomas-blase","confirm",2,"anthropomorphic",3,"B",6,"B",7,1,0,4494,1775,0,"/audio/case-tomas-blase/anthropomorphic/B.mp3","25–34","männlich",7,7
"P66",1,"case-tim-karies","confirm",2,"anthropomorphic",4,"B",7,"B",7,0,0,3352,1137,0,"/audio/case-tim-karies/anthropomorphic/B.mp3","25–34","männlich",7,7
"P67",0,"case-tomas-blase","confirm",1,"anthropomorphic",1,"B",3,"B",4,1,0,39345,2116,0,"/audio/case-tomas-blase/anthropomorphic/B.mp3","18–24","weiblich",3,3
"P68",1,"case-jonas-trommelfellriss","refute",1,"anthropomorphic",1,"C",3,"C",4,1,0,9236,10095,0,"/audio/case-jonas-trommelfellriss/anthropomorphic/A.mp3","18–24","weiblich",2,4
"P68",1,"case-martin-bronchitis","refute",1,"anthropomorphic",2,"A",3,"A",4,1,0,6357,2355,0,"/audio/case-martin-bronchitis/anthropomorphic/C.mp3","18–24","weiblich",2,4
"P68",1,"case-nina-bindehaut","confirm",1,"anthropomorphic",3,"A",5,"A",5,0,0,11000,1506,0,"/audio/case-nina-bindehaut/anthropomorphic/A.mp3","18–24","weiblich",2,4
"P68",1,"case-daniel-belastungsreaktion","confirm",1,"anthropomorphic",4,"B",7,"B",7,0,0,4526,1832,0,"/audio/case-daniel-belastungsreaktion/anthropomorphic/B.mp3","18–24","weiblich",2,4
"P68",1,"case-paul-ekzem","refute",2,"machine",1,"B",2,"B",2,0,0,3805,6526,0,"/audio/case-paul-ekzem/machine/C.mp3","18–24","weiblich",2,4
"P68",1,"case-markus-bandscheibe","confirm",2,"machine",2,"B",4,"B",4,0,0,9872,1449,0,"/audio/case-markus-bandscheibe/machine/B.mp3","18–24","weiblich",2,4
"P68",1,"case-sophie-lungenentzuendung","refute",2,"machine",3,"C",5,"C",3,-2,0,5369,3132,0,"/audio/case-sophie-lungenentzuendung/machine/A.mp3","18–24","weiblich",2,4
"P68",1,"case-anna-erkaeltung","confirm",2,"machine",4,"B",5,"B",5,0,0,2715,2161,0,"/audio/case-anna-erkaeltung/machine/B.mp3","18–24","weiblich",2,4
"P69",1,"case-daniel-belastungsreaktion","confirm",1,"anthropomorphic",1,"C",5,"C",7,2,0,3063,3652,0,"/audio/case-daniel-belastungsreaktion/anthropomorphic/C.mp3","55+","männlich",2,1
"P69",1,"case-tim-karies","confirm",1,"anthropomorphic",2,"B",6,"B",7,1,0,15680,1797,0,"/audio/case-tim-karies/anthropomorphic/B.mp3","55+","männlich",2,1
"P69",1,"case-jonas-trommelfellriss","refute",1,"anthropomorphic",3,"B",7,"B",6,-1,0,5431,17023,0,"/audio/case-jonas-trommelfellriss/anthropomorphic/A.mp3","55+","männlich",2,1
"P69",1,"case-markus-bandscheibe","refute",1,"anthropomorphic",4,"B",6,"B",6,0,0,9593,2478,0,"/audio/case-markus-bandscheibe/anthropomorphic/A.mp3","55+","männlich",2,1
"P69",1,"case-nina-bindehaut","refute",2,"machine",1,"A",3,"A",3,0,0,15133,8117,0,"/audio/case-nina-bindehaut/machine/C.mp3","55+","männlich",2,1
"P69",1,"case-lea-streptokokken","refute",2,"machine",2,"A",3,"A",4,1,0,6852,2102,0,"/audio/case-lea-streptokokken/machine/B.mp3","55+","männlich",2,1
"P69",1,"case-tomas-blase","confirm",2,"machine",3,"B",5,"B",6,1,0,12223,3078,0,"/audio/case-tomas-blase/machine/B.mp3","55+","männlich",2,1
"P69",1,"case-paul-ekzem","confirm",2,"machine",4,"A",4,"A",6,2,0,13441,2476,0,"/audio/case-paul-ekzem/machine/A.mp3","55+","männlich",2,1
"P70",0,"case-lea-streptokokken","refute",1,"machine",1,"A",7,"A",7,0,0,6841,7012,0,"/audio/case-lea-streptokokken/machine/C.mp3","35–44","männlich",1,5
"P71",1,"case-jonas-trommelfellriss","refute",1,"anthropomorphic",1,"B",5,"B",7,2,0,2432,3550,0,"/audio/case-jonas-trommelfellriss/anthropomorphic/C.mp3","18–24","weiblich",1,5
"P71",1,"case-markus-bandscheibe","confirm",1,"anthropomorphic",2,"A",6,"A",6,0,0,2398,2486,0,"/audio/case-markus-bandscheibe/anthropomorphic/A.mp3","18–24","weiblich",1,5
"P71",1,"case-nina-bindehaut","confirm",1,"anthropomorphic",3,"A",4,"B",5,1,1,3139,2640,0,"/audio/case-nina-bindehaut/anthropomorphic/A.mp3","18–24","weiblich",1,5
"P71",1,"case-anna-erkaeltung","refute",1,"anthropomorphic",4,"B",6,"B",7,1,0,2138,1549,0,"/audio/case-anna-erkaeltung/anthropomorphic/C.mp3","18–24","weiblich",1,5
"P71",1,"case-lea-streptokokken","confirm",2,"machine",1,"A",6,"A",7,1,0,3068,2404,0,"/audio/case-lea-streptokokken/machine/A.mp3","18–24","weiblich",1,5
"P71",1,"case-helga-alterswarzen","refute",2,"machine",2,"A",4,"C",2,-2,1,2404,4684,0,"/audio/case-helga-alterswarzen/machine/C.mp3","18–24","weiblich",1,5
"P71",1,"case-tim-karies","refute",2,"machine",3,"B",4,"B",6,2,0,3202,2236,0,"/audio/case-tim-karies/machine/C.mp3","18–24","weiblich",1,5
"P71",1,"case-sophie-lungenentzuendung","confirm",2,"machine",4,"A",5,"A",5,0,0,2321,2369,0,"/audio/case-sophie-lungenentzuendung/machine/A.mp3","18–24","weiblich",1,5
"P72",1,"case-tomas-blase","refute",1,"machine",1,"A",5,"B",4,-1,1,8003,50038,1,"/audio/case-tomas-blase/machine/B.mp3","25–34","männlich",5,3
"P72",1,"case-sophie-lungenentzuendung","confirm",1,"machine",2,"A",5,"A",6,1,0,3777,2367,0,"/audio/case-sophie-lungenentzuendung/machine/A.mp3","25–34","männlich",5,3
"P72",1,"case-tim-karies","confirm",1,"machine",3,"C",4,"C",5,1,0,11020,2209,0,"/audio/case-tim-karies/machine/C.mp3","25–34","männlich",5,3
"P72",1,"case-martin-bronchitis","refute",1,"machine",4,"A",4,"A",4,0,0,3522,1796,1,"/audio/case-martin-bronchitis/machine/B.mp3","25–34","männlich",5,3
"P72",1,"case-lea-streptokokken","refute",2,"anthropomorphic",1,"A",4,"A",4,0,0,21552,3255,1,"/audio/case-lea-streptokokken/anthropomorphic/B.mp3","25–34","männlich",5,3
"P72",1,"case-anna-erkaeltung","confirm",2,"anthropomorphic",2,"B",5,"B",6,1,0,5754,2099,0,"/audio/case-anna-erkaeltung/anthropomorphic/B.mp3","25–34","männlich",5,3
"P72",1,"case-jonas-trommelfellriss","refute",2,"anthropomorphic",3,"A",4,"A",3,-1,0,32642,2669,1,"/audio/case-jonas-trommelfellriss/anthropomorphic/C.mp3","25–34","männlich",5,3
"P72",1,"case-paul-ekzem","confirm",2,"anthropomorphic",4,"A",5,"A",6,1,0,5546,2719,0,"/audio/case-paul-ekzem/anthropomorphic/A.mp3","25–34","männlich",5,3
"P73",1,"case-markus-bandscheibe","confirm",1,"machine",1,"A",4,"A",4,0,0,4518,2840,0,"/audio/case-markus-bandscheibe/machine/A.mp3","25–34","weiblich",2,4
"P73",1,"case-martin-bronchitis","refute",1,"machine",2,"A",6,"A",6,0,0,3619,2550,0,"/audio/case-martin-bronchitis/machine/B.mp3","25–34","weiblich",2,4
"P73",1,"case-daniel-belastungsreaktion","confirm",1,"machine",3,"B",5,"B",5,0,0,7233,1608,0,"/audio/case-daniel-belastungsreaktion/machine/B.mp3","25–34","weiblich",2,4
"P73",1,"case-jonas-trommelfellriss","refute",1,"machine",4,"B",4,"B",4,0,0,3959,8186,0,"/audio/case-jonas-trommelfellriss/machine/A.mp3","25–34","weiblich",2,4
"P73",1,"case-paul-ekzem","refute",2,"anthropomorphic",1,"A",4,"A",4,0,0,6641,3124,0,"/audio/case-paul-ekzem/anthropomorphic/C.mp3","25–34","weiblich",2,4
"P73",1,"case-sophie-lungenentzuendung","refute",2,"anthropomorphic",2,"A",3,"C",3,0,1,4143,4504,0,"/audio/case-sophie-lungenentzuendung/anthropomorphic/C.mp3","25–34","weiblich",2,4
"P73",1,"case-helga-alterswarzen","confirm",2,"anthropomorphic",3,"A",1,"A",1,0,0,12463,1495,0,"/audio/case-helga-alterswarzen/anthropomorphic/A.mp3","25–34","weiblich",2,4
"P73",1,"case-anna-erkaeltung","confirm",2,"anthropomorphic",4,"B",5,"B",5,0,0,2746,1518,0,"/audio/case-anna-erkaeltung/anthropomorphic/B.mp3","25–34","weiblich",2,4
"P74",1,"case-martin-bronchitis","confirm",1,"anthropomorphic",1,"C",5,"C",6,1,0,8991,5495,0,"/audio/case-martin-bronchitis/anthropomorphic/C.mp3","25–34","weiblich",5,1
"P74",1,"case-tim-karies","confirm",1,"anthropomorphic",2,"C",6,"C",7,1,0,3514,2098,0,"/audio/case-tim-karies/anthropomorphic/C.mp3","25–34","weiblich",5,1
"P74",1,"case-tomas-blase","refute",1,"anthropomorphic",3,"B",3,"C",2,-1,1,28526,9573,0,"/audio/case-tomas-blase/anthropomorphic/C.mp3","25–34","weiblich",5,1
"P74",1,"case-markus-bandscheibe","refute",1,"anthropomorphic",4,"A",5,"A",5,0,0,1651,2015,0,"/audio/case-markus-bandscheibe/anthropomorphic/C.mp3","25–34","weiblich",5,1
"P74",1,"case-jonas-trommelfellriss","refute",2,"machine",1,"B",3,"A",2,-1,1,25460,1615,0,"/audio/case-jonas-trommelfellriss/machine/A.mp3","25–34","weiblich",5,1
"P74",1,"case-lea-streptokokken","refute",2,"machine",2,"B",2,"C",2,0,1,6626,1450,0,"/audio/case-lea-streptokokken/machine/C.mp3","25–34","weiblich",5,1
"P74",1,"case-helga-alterswarzen","confirm",2,"machine",3,"B",7,"B",7,0,0,1468,1369,0,"/audio/case-helga-alterswarzen/machine/B.mp3","25–34","weiblich",5,1
"P74",1,"case-nina-bindehaut","confirm",2,"machine",4,"A",2,"A",5,3,0,8259,2419,0,"/audio/case-nina-bindehaut/machine/A.mp3","25–34","weiblich",5,1
"P75",1,"case-helga-alterswarzen","refute",1,"anthropomorphic",1,"A",5,"A",5,0,0,8468,4551,0,"/audio/case-helga-alterswarzen/anthropomorphic/B.mp3","18–24","weiblich",3,2
"P75",1,"case-jonas-trommelfellriss","confirm",1,"anthropomorphic",2,"C",5,"C",5,0,0,7950,1701,0,"/audio/case-jonas-trommelfellriss/anthropomorphic/C.mp3","18–24","weiblich",3,2
"P75",1,"case-nina-bindehaut","confirm",1,"anthropomorphic",3,"A",6,"A",6,0,0,5685,2303,0,"/audio/case-nina-bindehaut/anthropomorphic/A.mp3","18–24","weiblich",3,2
"P75",1,"case-tomas-blase","refute",1,"anthropomorphic",4,"B",6,"B",6,0,0,3901,2466,0,"/audio/case-tomas-blase/anthropomorphic/A.mp3","18–24","weiblich",3,2
"P75",1,"case-daniel-belastungsreaktion","refute",2,"machine",1,"A",6,"A",5,-1,0,5485,3053,0,"/audio/case-daniel-belastungsreaktion/machine/C.mp3","18–24","weiblich",3,2
"P75",1,"case-lea-streptokokken","refute",2,"machine",2,"A",4,"A",5,1,0,5286,7400,0,"/audio/case-lea-streptokokken/machine/C.mp3","18–24","weiblich",3,2
"P75",1,"case-tim-karies","confirm",2,"machine",3,"C",6,"C",7,1,0,11852,2919,0,"/audio/case-tim-karies/machine/C.mp3","18–24","weiblich",3,2
"P75",1,"case-martin-bronchitis","confirm",2,"machine",4,"A",6,"A",7,1,0,3288,1798,0,"/audio/case-martin-bronchitis/machine/A.mp3","18–24","weiblich",3,2
"P76",1,"case-paul-ekzem","confirm",1,"anthropomorphic",1,"A",4,"A",6,2,0,6581,2118,0,"/audio/case-paul-ekzem/anthropomorphic/A.mp3","18–24","weiblich",3,4
"P76",1,"case-anna-erkaeltung","confirm",1,"anthropomorphic",2,"A",5,"A",5,0,0,3889,1532,0,"/audio/case-anna-erkaeltung/anthropomorphic/A.mp3","18–24","weiblich",3,4
"P76",1,"case-sophie-lungenentzuendung","refute",1,"anthropomorphic",3,"A",6,"C",4,-2,1,2016,2181,0,"/audio/case-sophie-lungenentzuendung/anthropomorphic/C.mp3","18–24","weiblich",3,4
"P76",1,"case-martin-bronchitis","refute",1,"anthropomorphic",4,"A",5,"A",5,0,0,2073,1183,0,"/audio/case-martin-bronchitis/anthropomorphic/C.mp3","18–24","weiblich",3,4
"P76",1,"case-nina-bindehaut","refute",2,"machine",1,"C",4,"C",3,-1,0,3029,3771,0,"/audio/case-nina-bindehaut/machine/A.mp3","18–24","weiblich",3,4
"P76",1,"case-tomas-blase","confirm",2,"machine",2,"B",7,"B",4,-3,0,5076,1086,0,"/audio/case-tomas-blase/machine/B.mp3","18–24","weiblich",3,4
"P76",1,"case-tim-karies","confirm",2,"machine",3,"C",5,"C",5,0,0,2616,1624,0,"/audio/case-tim-karies/machine/C.mp3","18–24","weiblich",3,4
"P76",1,"case-helga-alterswarzen","refute",2,"machine",4,"A",4,"C",4,0,1,3390,2582,0,"/audio/case-helga-alterswarzen/machine/C.mp3","18–24","weiblich",3,4
"P77",1,"case-nina-bindehaut","refute",1,"machine",1,"A",4,"A",4,0,0,70007,101727,0,"/audio/case-nina-bindehaut/machine/C.mp3","18–24","männlich",1,3
"P77",1,"case-nina-bindehaut","refute",1,"machine",1,"A",4,"A",4,0,0,70007,101727,0,"/audio/case-nina-bindehaut/machine/C.mp3","18–24","männlich",1,3
"P77",1,"case-paul-ekzem","confirm",1,"machine",2,"A",5,"A",6,1,0,1371,1194,0,"/audio/case-paul-ekzem/machine/A.mp3","18–24","männlich",1,3
"P77",1,"case-paul-ekzem","confirm",1,"machine",2,"A",5,"A",6,1,0,1371,1194,0,"/audio/case-paul-ekzem/machine/A.mp3","18–24","männlich",1,3
"P77",1,"case-jonas-trommelfellriss","refute",1,"machine",3,"A",5,"A",4,-1,0,5461,171808,0,"/audio/case-jonas-trommelfellriss/machine/C.mp3","18–24","männlich",1,3
"P77",1,"case-anna-erkaeltung","confirm",1,"machine",4,"B",5,"B",6,1,0,3451,1286,0,"/audio/case-anna-erkaeltung/machine/B.mp3","18–24","männlich",1,3
"P77",1,"case-markus-bandscheibe","refute",2,"anthropomorphic",1,"A",5,"A",5,0,0,2191,114855,0,"/audio/case-markus-bandscheibe/anthropomorphic/C.mp3","18–24","männlich",1,3
"P77",1,"case-markus-bandscheibe","refute",2,"anthropomorphic",1,"A",5,"A",5,0,0,2191,114855,0,"/audio/case-markus-bandscheibe/anthropomorphic/C.mp3","18–24","männlich",1,3
"P77",1,"case-sophie-lungenentzuendung","confirm",2,"anthropomorphic",2,"A",4,"A",5,1,0,1571,1649,0,"/audio/case-sophie-lungenentzuendung/anthropomorphic/A.mp3","18–24","männlich",1,3
"P77",1,"case-sophie-lungenentzuendung","confirm",2,"anthropomorphic",2,"A",4,"A",6,2,0,1571,1649,0,"/audio/case-sophie-lungenentzuendung/anthropomorphic/A.mp3","18–24","männlich",1,3
"P77",1,"case-sophie-lungenentzuendung","confirm",2,"anthropomorphic",2,"A",4,"A",5,1,0,1571,1649,0,"/audio/case-sophie-lungenentzuendung/anthropomorphic/A.mp3","18–24","männlich",1,3
"P77",1,"case-sophie-lungenentzuendung","confirm",2,"anthropomorphic",2,"A",4,"A",5,1,0,1571,1649,0,"/audio/case-sophie-lungenentzuendung/anthropomorphic/A.mp3","18–24","männlich",1,3
"P77",1,"case-daniel-belastungsreaktion","refute",2,"anthropomorphic",3,"C",5,"C",5,0,0,2141,2116,0,"/audio/case-daniel-belastungsreaktion/anthropomorphic/B.mp3","18–24","männlich",1,3
"P77",1,"case-tomas-blase","confirm",2,"anthropomorphic",4,"B",6,"B",6,0,0,20891,1255,0,"/audio/case-tomas-blase/anthropomorphic/B.mp3","18–24","männlich",1,3
"P78",1,"case-daniel-belastungsreaktion","refute",1,"machine",1,"A",3,"A",3,0,0,16954,2517,0,"/audio/case-daniel-belastungsreaktion/machine/B.mp3","18–24","weiblich",1,1
"P78",1,"case-lea-streptokokken","confirm",1,"machine",2,"A",5,"A",5,0,0,34259,2050,0,"/audio/case-lea-streptokokken/machine/A.mp3","18–24","weiblich",1,1
"P78",1,"case-jonas-trommelfellriss","confirm",1,"machine",3,"B",5,"B",6,1,0,24106,1382,0,"/audio/case-jonas-trommelfellriss/machine/B.mp3","18–24","weiblich",1,1
"P78",1,"case-martin-bronchitis","refute",1,"machine",4,"A",6,"A",5,-1,0,7956,3935,0,"/audio/case-martin-bronchitis/machine/C.mp3","18–24","weiblich",1,1
"P78",1,"case-paul-ekzem","confirm",2,"anthropomorphic",1,"A",6,"A",6,0,0,4452,1968,0,"/audio/case-paul-ekzem/anthropomorphic/A.mp3","18–24","weiblich",1,1
"P78",1,"case-nina-bindehaut","refute",2,"anthropomorphic",2,"A",5,"A",5,0,0,5189,3733,0,"/audio/case-nina-bindehaut/anthropomorphic/C.mp3","18–24","weiblich",1,1
"P78",1,"case-helga-alterswarzen","refute",2,"anthropomorphic",3,"A",5,"A",4,-1,0,6003,3469,0,"/audio/case-helga-alterswarzen/anthropomorphic/C.mp3","18–24","weiblich",1,1
"P78",1,"case-anna-erkaeltung","confirm",2,"anthropomorphic",4,"B",6,"B",6,0,0,2670,1353,0,"/audio/case-anna-erkaeltung/anthropomorphic/B.mp3","18–24","weiblich",1,1
"P79",1,"case-daniel-belastungsreaktion","refute",1,"anthropomorphic",1,"A",7,"B",4,-3,1,4733,8249,0,"/audio/case-daniel-belastungsreaktion/anthropomorphic/B.mp3","45–54","weiblich",3,5
"P79",1,"case-helga-alterswarzen","confirm",1,"anthropomorphic",2,"A",5,"A",6,1,0,3816,2409,0,"/audio/case-helga-alterswarzen/anthropomorphic/A.mp3","45–54","weiblich",3,5
"P79",1,"case-jonas-trommelfellriss","confirm",1,"anthropomorphic",3,"B",6,"B",7,1,0,3307,1886,0,"/audio/case-jonas-trommelfellriss/anthropomorphic/B.mp3","45–54","weiblich",3,5
"P79",1,"case-nina-bindehaut","refute",1,"anthropomorphic",4,"A",4,"B",4,0,1,12542,11993,0,"/audio/case-nina-bindehaut/anthropomorphic/B.mp3","45–54","weiblich",3,5
"P79",1,"case-anna-erkaeltung","confirm",2,"machine",1,"A",5,"A",7,2,0,4245,2493,0,"/audio/case-anna-erkaeltung/machine/A.mp3","45–54","weiblich",3,5
"P79",1,"case-markus-bandscheibe","refute",2,"machine",2,"A",6,"A",5,-1,0,2179,2194,0,"/audio/case-markus-bandscheibe/machine/C.mp3","45–54","weiblich",3,5
"P79",1,"case-martin-bronchitis","refute",2,"machine",3,"A",5,"B",4,-1,1,7561,5869,0,"/audio/case-martin-bronchitis/machine/B.mp3","45–54","weiblich",3,5
"P79",1,"case-sophie-lungenentzuendung","confirm",2,"machine",4,"A",4,"A",7,3,0,6754,1867,0,"/audio/case-sophie-lungenentzuendung/machine/A.mp3","45–54","weiblich",3,5
"P80",1,"case-markus-bandscheibe","refute",1,"machine",1,"C",2,"B",4,2,1,27210,2343,0,"/audio/case-markus-bandscheibe/machine/B.mp3","25–34","männlich",3,2
"P80",1,"case-lea-streptokokken","confirm",1,"machine",2,"C",3,"C",5,2,0,12468,3782,0,"/audio/case-lea-streptokokken/machine/C.mp3","25–34","männlich",3,2
"P80",1,"case-helga-alterswarzen","confirm",1,"machine",3,"C",3,"C",4,1,0,6994,2067,0,"/audio/case-helga-alterswarzen/machine/C.mp3","25–34","männlich",3,2
"P80",1,"case-jonas-trommelfellriss","refute",1,"machine",4,"C",1,"B",4,3,1,12746,3434,0,"/audio/case-jonas-trommelfellriss/machine/B.mp3","25–34","männlich",3,2
"P80",1,"case-anna-erkaeltung","confirm",2,"anthropomorphic",1,"B",5,"B",6,1,0,7448,2178,0,"/audio/case-anna-erkaeltung/anthropomorphic/B.mp3","25–34","männlich",3,2
"P80",1,"case-sophie-lungenentzuendung","refute",2,"anthropomorphic",2,"C",4,"C",4,0,0,7142,6988,0,"/audio/case-sophie-lungenentzuendung/anthropomorphic/B.mp3","25–34","männlich",3,2
"P80",1,"case-tim-karies","confirm",2,"anthropomorphic",3,"A",4,"A",5,1,0,7425,1853,0,"/audio/case-tim-karies/anthropomorphic/A.mp3","25–34","männlich",3,2
"P80",1,"case-paul-ekzem","refute",2,"anthropomorphic",4,"A",3,"B",3,0,1,6439,4895,0,"/audio/case-paul-ekzem/anthropomorphic/B.mp3","25–34","männlich",3,2
"P81",1,"case-helga-alterswarzen","confirm",1,"anthropomorphic",1,"C",3,"C",7,4,0,4609,1729,0,"/audio/case-helga-alterswarzen/anthropomorphic/C.mp3","18–24","weiblich",3,1
"P81",1,"case-jonas-trommelfellriss","confirm",1,"anthropomorphic",2,"B",5,"B",7,2,0,3698,1286,0,"/audio/case-jonas-trommelfellriss/anthropomorphic/B.mp3","18–24","weiblich",3,1
"P81",1,"case-anna-erkaeltung","refute",1,"anthropomorphic",3,"B",6,"A",6,0,1,2455,1652,0,"/audio/case-anna-erkaeltung/anthropomorphic/A.mp3","18–24","weiblich",3,1
"P81",1,"case-markus-bandscheibe","refute",1,"anthropomorphic",4,"A",5,"C",7,2,1,13266,2131,0,"/audio/case-markus-bandscheibe/anthropomorphic/C.mp3","18–24","weiblich",3,1
"P81",1,"case-martin-bronchitis","confirm",2,"machine",1,"A",6,"A",7,1,0,3283,1387,0,"/audio/case-martin-bronchitis/machine/A.mp3","18–24","weiblich",3,1
"P81",1,"case-tim-karies","confirm",2,"machine",2,"C",4,"C",7,3,0,3365,1243,0,"/audio/case-tim-karies/machine/C.mp3","18–24","weiblich",3,1
"P81",1,"case-paul-ekzem","refute",2,"machine",3,"A",3,"B",6,3,1,3932,1160,0,"/audio/case-paul-ekzem/machine/B.mp3","18–24","weiblich",3,1
"P81",1,"case-sophie-lungenentzuendung","refute",2,"machine",4,"A",5,"C",6,1,1,2682,1503,0,"/audio/case-sophie-lungenentzuendung/machine/C.mp3","18–24","weiblich",3,1
"P82",1,"case-tim-karies","refute",1,"machine",1,"C",5,"C",6,1,0,5478,2278,0,"/audio/case-tim-karies/machine/B.mp3","18–24","weiblich",4,6
"P82",1,"case-tomas-blase","confirm",1,"machine",2,"B",5,"B",5,0,0,8949,4519,0,"/audio/case-tomas-blase/machine/B.mp3","18–24","weiblich",4,6
"P82",1,"case-nina-bindehaut","refute",1,"machine",3,"A",4,"A",5,1,0,6918,7449,0,"/audio/case-nina-bindehaut/machine/C.mp3","18–24","weiblich",4,6
"P82",1,"case-lea-streptokokken","confirm",1,"machine",4,"A",4,"A",5,1,0,7110,2219,0,"/audio/case-lea-streptokokken/machine/A.mp3","18–24","weiblich",4,6
"P82",1,"case-markus-bandscheibe","confirm",2,"anthropomorphic",1,"A",5,"A",5,0,0,4811,3251,0,"/audio/case-markus-bandscheibe/anthropomorphic/A.mp3","18–24","weiblich",4,6
"P82",1,"case-sophie-lungenentzuendung","confirm",2,"anthropomorphic",2,"C",5,"C",5,0,0,3015,14744,0,"/audio/case-sophie-lungenentzuendung/anthropomorphic/C.mp3","18–24","weiblich",4,6
"P82",1,"case-martin-bronchitis","refute",2,"anthropomorphic",3,"C",4,"C",4,0,0,7730,8985,0,"/audio/case-martin-bronchitis/anthropomorphic/B.mp3","18–24","weiblich",4,6
"P82",1,"case-helga-alterswarzen","refute",2,"anthropomorphic",4,"A",4,"C",4,0,1,5712,2767,0,"/audio/case-helga-alterswarzen/anthropomorphic/C.mp3","18–24","weiblich",4,6
"P83",1,"case-martin-bronchitis","refute",1,"anthropomorphic",1,"C",6,"A",7,1,1,7240,1662,0,"/audio/case-martin-bronchitis/anthropomorphic/A.mp3","18–24","männlich",7,7
"P83",1,"case-daniel-belastungsreaktion","confirm",1,"anthropomorphic",2,"A",7,"A",7,0,0,10513,4686,0,"/audio/case-daniel-belastungsreaktion/anthropomorphic/A.mp3","18–24","männlich",7,7
"P83",1,"case-jonas-trommelfellriss","refute",1,"anthropomorphic",3,"B",7,"A",7,0,1,14907,1674,0,"/audio/case-jonas-trommelfellriss/anthropomorphic/A.mp3","18–24","männlich",7,7
"P83",1,"case-lea-streptokokken","confirm",1,"anthropomorphic",4,"B",6,"B",7,1,0,10535,1956,0,"/audio/case-lea-streptokokken/anthropomorphic/B.mp3","18–24","männlich",7,7
"P83",1,"case-markus-bandscheibe","refute",2,"machine",1,"A",6,"C",7,1,1,14794,6124,0,"/audio/case-markus-bandscheibe/machine/C.mp3","18–24","männlich",7,7
"P83",1,"case-tim-karies","confirm",2,"machine",2,"A",3,"A",7,4,0,8257,1920,0,"/audio/case-tim-karies/machine/A.mp3","18–24","männlich",7,7
"P83",1,"case-nina-bindehaut","confirm",2,"machine",3,"B",2,"B",7,5,0,5417,1854,0,"/audio/case-nina-bindehaut/machine/B.mp3","18–24","männlich",7,7
"P83",1,"case-tomas-blase","refute",2,"machine",4,"B",3,"A",7,4,1,10955,1757,0,"/audio/case-tomas-blase/machine/A.mp3","18–24","männlich",7,7
"P84",1,"case-markus-bandscheibe","refute",1,"machine",1,"A",4,"A",4,0,0,3265,3441,0,"/audio/case-markus-bandscheibe/machine/C.mp3","25–34","männlich",3,7
"P84",1,"case-paul-ekzem","refute",1,"machine",2,"A",6,"A",5,-1,0,4098,1859,0,"/audio/case-paul-ekzem/machine/C.mp3","25–34","männlich",3,7
"P84",1,"case-tim-karies","confirm",1,"machine",3,"C",2,"C",2,0,0,7438,1931,0,"/audio/case-tim-karies/machine/C.mp3","25–34","männlich",3,7
"P84",1,"case-nina-bindehaut","confirm",1,"machine",4,"A",2,"A",2,0,0,10734,1472,0,"/audio/case-nina-bindehaut/machine/A.mp3","25–34","männlich",3,7
"P84",1,"case-jonas-trommelfellriss","refute",2,"anthropomorphic",1,"B",4,"B",3,-1,0,2278,2462,0,"/audio/case-jonas-trommelfellriss/anthropomorphic/C.mp3","25–34","männlich",3,7
"P84",1,"case-sophie-lungenentzuendung","confirm",2,"anthropomorphic",2,"A",4,"A",5,1,0,4490,1424,0,"/audio/case-sophie-lungenentzuendung/anthropomorphic/A.mp3","25–34","männlich",3,7
"P84",1,"case-tomas-blase","refute",2,"anthropomorphic",3,"A",3,"A",2,-1,0,1479,3539,0,"/audio/case-tomas-blase/anthropomorphic/B.mp3","25–34","männlich",3,7
"P84",1,"case-helga-alterswarzen","confirm",2,"anthropomorphic",4,"A",2,"A",2,0,0,3111,1304,0,"/audio/case-helga-alterswarzen/anthropomorphic/A.mp3","25–34","männlich",3,7
"P85",1,"case-tim-karies","refute",1,"machine",1,"C",4,"B",4,0,1,14049,3301,0,"/audio/case-tim-karies/machine/B.mp3","25–34","männlich",2,1
"P85",1,"case-daniel-belastungsreaktion","refute",1,"machine",2,"A",5,"A",5,0,0,11110,1875,0,"/audio/case-daniel-belastungsreaktion/machine/C.mp3","25–34","männlich",2,1
"P85",1,"case-paul-ekzem","confirm",1,"machine",3,"B",3,"B",3,0,0,7911,1580,0,"/audio/case-paul-ekzem/machine/B.mp3","25–34","männlich",2,1
"P85",1,"case-jonas-trommelfellriss","confirm",1,"machine",4,"C",2,"C",3,1,0,15549,1819,0,"/audio/case-jonas-trommelfellriss/machine/C.mp3","25–34","männlich",2,1
"P85",1,"case-lea-streptokokken","confirm",2,"anthropomorphic",1,"A",4,"A",4,0,0,4075,1685,0,"/audio/case-lea-streptokokken/anthropomorphic/A.mp3","25–34","männlich",2,1
"P85",1,"case-nina-bindehaut","refute",2,"anthropomorphic",2,"A",4,"A",3,-1,0,4305,7185,0,"/audio/case-nina-bindehaut/anthropomorphic/B.mp3","25–34","männlich",2,1
"P85",1,"case-anna-erkaeltung","refute",2,"anthropomorphic",3,"B",4,"B",2,-2,0,2656,3811,0,"/audio/case-anna-erkaeltung/anthropomorphic/A.mp3","25–34","männlich",2,1
"P85",1,"case-martin-bronchitis","confirm",2,"anthropomorphic",4,"A",6,"A",6,0,0,2545,1395,0,"/audio/case-martin-bronchitis/anthropomorphic/A.mp3","25–34","männlich",2,1
"P86",0,"case-martin-bronchitis","refute",1,"machine",1,"A",3,"A",4,1,0,4079,3268,0,"/audio/case-martin-bronchitis/machine/C.mp3","18–24","weiblich",2,1
